customer_id,first_name,last_name,email,signup_date,marketing_opt_in,country
1,Danielle,Johnson,john21@example.net,2025-08-22 14:54:13.511306,True,France
2,Joy,Gardner,fjohnson@example.org,2024-07-14 18:58:37.511306,True,United Kingdom
3,Jesse,Guzman,jennifermiles@example.com,2025-09-30 06:42:23.511306,True,Nigeria
4,Jeffrey,Lawrence,blakeerik@example.com,2023-12-09 11:56:06.511306,True,Germany
5,Matthew,Moore,curtis61@example.com,2025-04-08 08:46:08.511306,True,Germany
6,Melanie,Munoz,blairamanda@example.com,2025-09-03 06:41:27.511306,True,India
7,Christian,Carter,barbara10@example.net,2025-07-02 20:58:44.511306,False,United States
8,Jeremy,Roberts,wyattmichelle@example.com,2024-04-19 02:14:13.511306,True,Canada
9,Joshua,Reid,francisco53@example.net,2024-06-14 23:06:19.511306,True,Nigeria
10,Joseph,Zuniga,lynchgeorge@example.net,2024-02-14 23:55:13.511306,False,Netherlands
11,John,Ford,veronica83@example.net,2024-08-03 12:25:56.511306,False,Australia
12,Mark,Tate,perezantonio@example.com,2024-03-14 00:37:56.511306,True,France
13,Richard,Jones,jason76@example.net,2025-08-12 09:22:11.511306,False,Brazil
14,Stephen,Baker,julieryan@example.net,2025-06-20 17:51:04.511306,False,United States
15,Brenda,Hurst,icox@example.net,2025-09-14 19:08:52.511306,False,United Kingdom
16,Trevor,Campos,hernandezernest@example.net,2024-07-02 14:31:39.511306,True,India
17,Robert,Brown,dcarlson@example.net,2025-08-19 00:08:00.511306,True,Brazil
18,John,Tran,frazierdanny@example.net,2024-06-08 20:34:14.511306,False,United Kingdom
19,Karen,Mack,daniel62@example.com,2025-07-23 09:58:08.511306,True,Germany
20,Aaron,Bowen,teresa28@example.org,2024-04-23 03:40:50.511306,True,Australia
21,Monica,Evans,ericfarmer@example.net,2024-06-18 22:39:25.511306,False,United States
22,Stephanie,Nielsen,georgetracy@example.org,2024-06-28 12:01:08.511306,False,Nigeria
23,Sarah,Koch,john39@example.org,2024-08-07 13:15:36.511306,True,Netherlands
24,Christopher,Tucker,spenceamanda@example.org,2024-09-24 18:35:30.511306,True,Nigeria
25,David,Alvarez,josephbrennan@example.com,2025-08-27 03:33:23.511306,True,Canada
26,Tamara,Hickman,jenniferross@example.net,2024-07-17 07:17:20.511306,True,Netherlands
27,Debra,Kim,omartinez@example.org,2025-01-19 08:05:45.511306,True,Germany
28,Matthew,Chapman,briannasmith@example.net,2024-03-28 05:24:05.511306,True,United States
29,Crystal,Perez,heathchad@example.org,2024-02-27 16:24:54.511306,True,Nigeria
30,Joshua,Washington,jenniferkhan@example.net,2025-07-09 13:09:47.511306,True,Netherlands
31,Thomas,Mueller,glee@example.net,2025-03-01 06:06:53.511306,True,Australia
32,Ryan,Henderson,dshields@example.net,2023-11-18 15:01:15.511306,True,Australia
33,Denise,Lucas,powellmatthew@example.org,2024-08-07 10:11:13.511306,True,France
34,John,Lee,ltaylor@example.com,2025-01-25 16:36:31.511306,True,France
35,Steven,Baxter,ramosmichelle@example.net,2025-04-02 17:21:17.511306,True,United Kingdom
36,Corey,Pearson,novaksara@example.org,2025-08-08 21:42:58.511306,False,Australia
37,Gabriel,Tucker,michellebarrera@example.org,2025-07-22 18:05:32.511306,True,Canada
38,Nicholas,Galloway,sara74@example.com,2025-05-13 06:09:35.511306,False,Netherlands
39,Heather,Cross,smoore@example.org,2024-10-04 04:38:23.511306,True,Brazil
40,Tanya,Riley,adkinsbrian@example.net,2024-09-16 19:34:06.511306,True,Netherlands
41,Thomas,Calhoun,brianromero@example.org,2024-01-26 13:58:07.511306,False,United Kingdom
42,Casey,Jones,richarddavid@example.net,2025-05-05 15:25:44.511306,True,India
43,John,Wheeler,barnesbrandy@example.net,2025-05-22 16:51:44.511306,True,Netherlands
44,Leslie,Green,john62@example.net,2025-01-13 18:33:41.511306,False,Germany
45,Debbie,Bryant,smithchristine@example.net,2025-11-06 22:11:58.511306,True,Brazil
46,Wendy,Jones,williamanderson@example.com,2025-01-29 05:41:40.511306,True,Germany
47,Nicole,Suarez,justin78@example.net,2024-06-24 13:10:53.511306,True,Netherlands
48,Kevin,Riggs,contrerasangela@example.net,2025-05-27 19:13:42.511306,True,United States
49,Dale,Humphrey,darrell18@example.org,2024-01-19 09:49:40.511306,True,United Kingdom
50,Joseph,Jacobs,james48@example.com,2023-12-09 22:52:50.511306,True,Germany
51,John,Odonnell,davisrodney@example.com,2024-08-19 04:31:25.511306,True,Canada
52,Bradley,Cook,danagreen@example.net,2025-06-14 07:49:46.511306,True,India
53,Scott,Thornton,rodriguezsierra@example.net,2024-12-27 17:46:58.511306,True,Nigeria
54,Rebecca,Gardner,brandi26@example.org,2024-11-04 02:16:20.511306,True,United States
55,Bobby,Diaz,nolanjason@example.org,2025-09-27 10:38:30.511306,False,United Kingdom
56,Elizabeth,Gomez,vdickson@example.org,2024-01-09 01:30:33.511306,False,United Kingdom
57,Sara,Young,theresacochran@example.com,2024-07-18 17:49:33.511306,True,India
58,Angel,Doyle,kimberly63@example.com,2024-03-30 02:12:37.511306,True,India
59,Erik,Haynes,ebrennan@example.org,2024-07-19 13:35:41.511306,True,Australia
60,James,Sellers,kevin33@example.org,2024-02-15 12:41:31.511306,True,Australia
61,Donna,Ross,michelle45@example.net,2023-11-22 14:14:45.511306,False,Germany
62,William,Frazier,sheila14@example.org,2024-04-26 01:38:50.511306,True,Germany
63,Beverly,Terrell,rodriguezryan@example.net,2024-12-21 12:59:06.511306,True,United States
64,Kristin,Graham,cruzbarbara@example.com,2024-12-10 20:30:21.511306,False,India
65,Bradley,Graham,michaeljones@example.net,2024-08-26 02:15:05.511306,True,Australia
66,Samantha,Hanson,cortezkevin@example.com,2025-09-15 04:34:09.511306,True,France
67,Elizabeth,Nguyen,angela36@example.net,2024-06-16 12:58:46.511306,True,Australia
68,Shelby,Byrd,christinaturner@example.net,2024-01-08 22:16:05.511306,True,Netherlands
69,Martha,Torres,russellcarpenter@example.net,2025-03-10 05:09:30.511306,False,Australia
70,Marco,Ramos,williamleon@example.net,2024-04-16 12:55:16.511306,False,United Kingdom
71,Gene,Miller,clarence34@example.org,2024-05-15 13:20:42.511306,True,Germany
72,Lindsay,Hernandez,sanchezthomas@example.org,2024-12-24 15:12:54.511306,False,Netherlands
73,Stanley,Mercado,jennifercruz@example.com,2024-07-17 07:55:41.511306,True,Netherlands
74,John,Douglas,staffordmichelle@example.org,2024-01-30 02:06:49.511306,True,Netherlands
75,Kimberly,Robinson,pwilliams@example.org,2025-04-25 22:22:08.511306,False,Germany
76,Stephen,Solis,stephanie79@example.net,2025-09-22 22:17:21.511306,True,Nigeria
77,Patricia,Simmons,vmerritt@example.com,2024-03-21 10:21:08.511306,True,Brazil
78,Shannon,Walton,katie87@example.net,2024-01-20 11:11:21.511306,True,Netherlands
79,John,Gonzales,jimmy55@example.net,2024-02-17 13:31:03.511306,True,Australia
80,Christopher,Hernandez,tbenson@example.org,2024-08-04 15:40:22.511306,False,United Kingdom
81,Caleb,Russell,nperry@example.com,2024-07-15 00:18:15.511306,True,India
82,Perry,Carrillo,gateskathy@example.com,2025-05-16 21:51:52.511306,True,Australia
83,Thomas,Bender,karen68@example.net,2023-11-16 07:02:33.511306,True,United Kingdom
84,Jessica,Marsh,tracynelson@example.com,2024-03-23 20:28:45.511306,True,United Kingdom
85,Anthony,Rogers,dramsey@example.org,2025-05-26 16:30:35.511306,True,Netherlands
86,Tina,Ferguson,qvargas@example.org,2024-06-09 23:20:03.511306,True,France
87,Christopher,Patterson,qwhite@example.com,2025-04-08 04:38:13.511306,True,United States
88,Mark,Gibson,kathleen64@example.com,2024-02-10 09:56:37.511306,True,France
89,Johnny,Miller,currybrett@example.com,2023-12-22 10:58:45.511306,True,Canada
90,Jeffrey,Jones,websterstefanie@example.org,2025-08-20 20:23:16.511306,True,India
91,Mary,Howell,davidcaldwell@example.net,2025-05-25 02:25:18.511306,True,United Kingdom
92,Stacie,Marshall,katie29@example.net,2024-01-23 16:16:37.511306,True,Brazil
93,Tamara,Higgins,tamirodriguez@example.org,2025-06-26 06:58:01.511306,True,Canada
94,Sarah,Johnston,tsanders@example.org,2023-12-19 22:04:25.511306,True,United States
95,Charles,Vaughn,curtisbarton@example.net,2024-11-07 18:29:56.511306,True,United Kingdom
96,Caroline,Martinez,reedross@example.com,2024-11-04 07:14:06.511306,False,Nigeria
97,Casey,Holland,atkinsonlynn@example.org,2025-08-03 16:28:38.511306,False,Germany
98,Ryan,Cox,bzimmerman@example.org,2024-04-21 17:17:47.511306,False,United States
99,Jessica,Sheppard,christina87@example.com,2024-05-08 22:56:41.511306,False,Nigeria
100,Ryan,Simon,marcus31@example.com,2025-09-22 19:53:08.511306,True,United Kingdom
101,Nicole,Sanchez,qhudson@example.com,2024-12-02 12:15:36.511306,False,Germany
102,Matthew,Snyder,hunter35@example.com,2024-05-30 03:36:33.511306,True,Germany
103,Matthew,Beard,angela83@example.org,2024-06-22 11:42:42.511306,True,Nigeria
104,John,Russell,hannahbrewer@example.com,2024-10-08 20:59:38.511306,False,France
105,Shane,Smith,jeffrey34@example.net,2024-11-01 10:12:21.511306,True,Australia
106,Bonnie,Kennedy,ronald85@example.com,2024-10-11 11:51:18.511306,True,France
107,Jacqueline,Nelson,jerry35@example.org,2024-05-08 07:59:20.511306,False,France
108,Julia,Tapia,jamesrodgers@example.com,2023-12-16 14:47:49.511306,True,Brazil
109,Jenny,Bray,tina34@example.org,2024-09-24 02:44:20.511306,True,Australia
110,Michael,Turner,joshuamccann@example.net,2024-03-05 00:52:29.511306,False,Germany
111,Kelly,Raymond,agarcia@example.net,2024-07-24 12:27:58.511306,False,United States
112,Justin,Mendoza,jack04@example.com,2025-04-23 06:27:16.511306,True,Germany
113,Danny,Jones,ojones@example.net,2024-11-14 02:33:12.511306,True,Brazil
114,Brian,Hernandez,christopher31@example.net,2025-08-06 22:16:46.511306,True,United Kingdom
115,Kathy,Obrien,kimberlyjames@example.com,2024-09-10 05:18:50.511306,True,Nigeria
116,Kenneth,Chapman,ntorres@example.org,2024-10-07 01:30:04.511306,True,Australia
117,Chelsea,Singh,colleenbaker@example.org,2024-03-16 17:50:05.511306,True,Nigeria
118,Eric,Thompson,moorericky@example.net,2025-09-30 17:11:11.511306,True,France
119,Brittney,Carter,keithcampbell@example.com,2024-12-27 06:48:00.511306,False,France
120,Charles,Hall,kristin93@example.com,2024-08-26 18:30:10.511306,True,Netherlands
121,Danny,Walker,rebekahserrano@example.org,2025-07-21 10:41:14.511306,True,India
122,Brian,Sparks,scott74@example.net,2025-02-01 18:37:51.511306,True,Canada
123,Richard,Nelson,mkim@example.org,2025-09-11 13:56:15.511306,True,Netherlands
124,Pamela,Navarro,anthony39@example.net,2024-10-15 14:15:01.511306,False,Germany
125,Stephanie,Key,barbara27@example.net,2025-09-25 22:09:08.511306,True,Germany
126,Denise,Moon,wendygraham@example.com,2024-04-05 11:44:22.511306,True,India
127,Tanya,Harrison,qcook@example.org,2025-07-24 13:30:06.511306,True,Netherlands
128,Mia,Rivera,zroberts@example.net,2024-05-25 00:49:49.511306,True,Germany
129,Benjamin,Miller,marcus68@example.org,2024-04-07 10:44:11.511306,True,United Kingdom
130,Diane,Daniels,hbrown@example.com,2025-01-15 18:49:04.511306,True,Australia
131,Cindy,Jimenez,nwolf@example.com,2025-02-24 12:40:43.511306,True,United Kingdom
132,Andrea,Pennington,fgilmore@example.org,2025-02-16 15:42:18.511306,False,Australia
133,Anthony,Mccoy,jennifercollins@example.org,2025-06-02 08:31:48.511306,True,India
134,Andrea,Davis,murraydavid@example.org,2025-07-27 05:13:43.511306,True,Australia
135,Tyrone,Moran,robert77@example.org,2025-02-05 16:38:42.511306,False,India
136,Stephen,Thomas,sandraromero@example.org,2025-02-09 20:17:13.511306,False,France
137,Michelle,Hill,ymorgan@example.net,2025-04-24 04:29:38.511306,True,France
138,Joseph,Smith,mary97@example.org,2025-01-30 13:40:16.511306,False,Germany
139,Sean,Washington,andrea86@example.com,2024-08-11 23:04:41.511306,True,Australia
140,Sarah,Kane,ashleyhall@example.com,2024-01-28 15:53:17.511306,True,Nigeria
141,Bradley,Garner,qhughes@example.net,2025-10-17 16:24:49.511306,False,United Kingdom
142,Tina,Simpson,martineztammy@example.com,2025-01-05 01:41:25.511306,True,India
143,Molly,Sawyer,dgarcia@example.org,2025-01-05 13:07:02.511306,True,Nigeria
144,Jennifer,Ortiz,charlesharrington@example.com,2024-12-10 08:06:57.511306,False,United States
145,Matthew,Schwartz,christianmelissa@example.net,2025-06-19 00:41:58.511306,True,Brazil
146,Norman,Stewart,cbrennan@example.net,2024-09-08 01:02:57.511306,False,Nigeria
147,Casey,Welch,wendy16@example.org,2025-05-12 06:44:03.511306,False,Germany
148,Kathleen,Padilla,wallaceheather@example.org,2025-03-20 18:50:21.511306,True,India
149,Brandon,Flynn,michael62@example.org,2023-12-07 01:00:29.511306,True,Nigeria
150,Amanda,Knight,georgemiller@example.com,2024-04-25 03:52:02.511306,False,Netherlands
151,Christine,Allen,jesselittle@example.com,2025-05-06 11:49:55.511306,False,Netherlands
152,Jonathan,Smith,rsantana@example.net,2025-06-06 11:50:13.511306,True,Nigeria
153,Eric,Alexander,vanessa46@example.net,2024-03-25 03:39:36.511306,True,France
154,John,Bruce,yvonnecastaneda@example.org,2024-11-29 22:46:07.511306,True,Brazil
155,John,Armstrong,victoria40@example.net,2024-10-18 00:39:13.511306,True,Nigeria
156,Randy,Smith,lozanojulie@example.com,2024-07-22 13:49:56.511306,True,Australia
157,Kimberly,Hall,jeffery39@example.com,2023-12-30 23:35:31.511306,True,United Kingdom
158,Erica,Le,courtneyberger@example.net,2025-09-04 12:18:57.511306,False,Germany
159,Benjamin,Kramer,rileyjessica@example.org,2024-05-29 11:35:32.511306,True,Germany
160,Renee,Murphy,ithompson@example.net,2024-03-16 04:05:31.511306,True,Netherlands
161,Nancy,Diaz,maria47@example.com,2024-06-18 03:46:53.511306,True,Brazil
162,Julie,Morgan,mcdonaldcharles@example.org,2024-04-27 08:54:36.511306,True,United Kingdom
163,Michelle,Ramsey,zcoffey@example.net,2024-04-22 22:10:29.511306,True,United States
164,Michael,Gibbs,bakerdavid@example.com,2024-09-22 07:48:51.511306,True,Nigeria
165,Emily,Chambers,xcarson@example.org,2024-12-17 18:04:16.511306,True,Germany
166,Emily,Ruiz,rose31@example.net,2024-02-19 21:49:50.511306,False,Netherlands
167,Madison,Blankenship,debra12@example.org,2024-03-10 07:27:18.511306,False,Brazil
168,Sophia,Torres,pwilson@example.net,2025-05-06 02:26:49.511306,True,United Kingdom
169,Derek,Chavez,umatthews@example.org,2025-04-09 10:25:35.511306,True,Nigeria
170,Nicole,Pena,rgilbert@example.org,2025-03-22 14:41:34.511306,True,Brazil
171,Hannah,Robinson,xsampson@example.org,2025-08-19 03:35:19.511306,False,Nigeria
172,Tina,Richardson,bruce43@example.org,2024-05-06 05:50:47.511306,False,France
173,Stacy,Holloway,batesdarlene@example.net,2025-07-30 06:26:40.511306,False,India
174,Tasha,Williams,john29@example.org,2025-01-27 08:25:17.511306,True,Germany
175,Casey,Hubbard,brendali@example.org,2024-02-03 21:00:20.511306,False,Germany
176,Mark,Hernandez,ramireztracey@example.org,2025-02-25 07:35:52.511306,True,Nigeria
177,Amber,Lindsey,guerreroanthony@example.org,2024-10-16 11:53:42.511306,True,Brazil
178,Michael,Kramer,alfred40@example.org,2024-05-12 04:36:05.511306,True,France
179,Judy,Fox,alvarezkimberly@example.net,2024-10-20 21:01:56.511306,False,France
180,Brittney,Hayes,soniawilliams@example.net,2025-05-29 11:13:11.511306,True,Germany
181,Adrienne,Ellis,browntimothy@example.com,2024-02-02 19:38:16.511306,False,India
182,Ronald,Rodriguez,fjones@example.com,2025-05-28 19:36:00.511306,True,India
183,Charlene,Jones,claudia98@example.net,2025-02-07 11:28:41.511306,True,Germany
184,Mark,Vang,shawn96@example.org,2024-12-25 19:42:31.511306,True,Netherlands
185,Laura,Wilson,russellbeasley@example.com,2024-11-19 04:04:52.511306,True,Brazil
186,Matthew,Chavez,ublair@example.com,2025-01-16 06:53:21.511306,True,India
187,Larry,Scott,gloriawells@example.org,2024-08-10 22:00:50.511306,True,United Kingdom
188,Marie,Davis,garnernathan@example.org,2024-05-22 22:20:20.511306,True,Australia
189,Angela,Willis,elizabeth65@example.net,2025-10-13 17:35:28.511306,True,India
190,Shelley,Henderson,schmittcaroline@example.com,2024-08-17 08:18:59.511306,False,Australia
191,Dale,Romero,dianewalker@example.org,2025-07-10 21:09:14.511306,False,Germany
192,Michael,Hawkins,farmeraudrey@example.com,2024-09-05 19:07:57.511306,True,France
193,Megan,Villegas,lynchdiane@example.net,2023-11-22 06:17:51.511306,True,United States
194,Joseph,White,sandra50@example.org,2024-01-02 06:59:50.511306,True,Canada
195,Molly,Knight,vjones@example.net,2025-08-22 04:43:21.511306,True,United States
196,Teresa,Davis,nicholaschavez@example.org,2025-06-16 21:12:09.511306,True,India
197,Mitchell,Griffith,wareeric@example.net,2024-10-20 17:33:45.511306,False,France
198,Brandon,Miller,fstanley@example.net,2025-03-10 15:00:14.511306,False,Nigeria
199,Scott,Nelson,reeddaniel@example.net,2025-03-24 13:32:51.511306,True,United States
200,Erika,Tucker,brandon69@example.org,2024-04-10 16:16:56.511306,False,France
201,Adrian,Turner,katrinaduran@example.com,2024-02-02 19:53:11.511306,True,Nigeria
202,Mark,Smith,ythompson@example.net,2025-07-20 08:33:16.511306,False,Germany
203,Jane,Mason,charles06@example.org,2025-04-26 00:41:57.511306,True,India
204,Steve,Miller,barbara96@example.net,2024-09-07 08:16:40.511306,False,France
205,Danielle,Roberts,usmith@example.org,2025-06-12 09:27:40.511306,True,United Kingdom
206,Laurie,Montgomery,christopher13@example.com,2024-06-07 09:37:28.511306,True,United Kingdom
207,Brianna,Warren,vharrell@example.com,2024-04-15 19:35:00.511306,True,United Kingdom
208,Jeffrey,Maxwell,dixondaniel@example.net,2024-04-15 10:56:51.511306,True,Netherlands
209,James,Parsons,jessica23@example.org,2025-03-02 21:27:16.511306,True,France
210,Dwayne,Gonzalez,kathleenrios@example.org,2025-10-30 21:08:37.511306,False,India
211,Stephanie,Burton,wwebster@example.net,2024-01-18 19:20:56.511306,False,Netherlands
212,Shane,Glass,michelle52@example.com,2025-09-14 18:03:09.511306,True,Australia
213,Carlos,Ramos,laura90@example.com,2024-06-25 10:25:47.511306,True,France
214,William,Collins,xjohnson@example.com,2024-03-31 13:27:00.511306,True,France
215,Chase,Lin,gilbertwilliam@example.com,2025-07-09 07:34:28.511306,False,India
216,Betty,Best,colelisa@example.net,2024-03-14 03:54:54.511306,True,Nigeria
217,Jacob,Jacobs,susanhayes@example.com,2024-08-12 05:04:18.511306,True,India
218,Toni,Miller,benjaminzimmerman@example.com,2024-01-29 08:37:26.511306,True,Nigeria
219,Alexandria,Bishop,nathan46@example.com,2024-10-03 08:49:50.511306,True,United Kingdom
220,Kim,Shelton,mccormickdeborah@example.org,2024-06-29 07:47:33.511306,True,United States
221,Mark,Grant,umitchell@example.net,2025-09-25 20:39:46.511306,True,Canada
222,Tamara,Morrison,mathewaguilar@example.org,2025-03-03 05:44:42.511306,True,France
223,Sabrina,Collins,tanderson@example.org,2024-05-11 08:09:41.511306,True,India
224,Kyle,Bennett,lisa81@example.net,2024-02-09 03:57:46.511306,True,Brazil
225,Ellen,Romero,coxhenry@example.org,2024-09-30 14:39:31.511306,False,Brazil
226,Matthew,Miranda,jeremytaylor@example.org,2025-01-02 04:53:23.511306,True,Nigeria
227,Kenneth,French,stanleynancy@example.net,2025-05-23 12:11:10.511306,True,Brazil
228,David,Bennett,henryschwartz@example.net,2024-07-22 22:37:13.511306,True,Nigeria
229,Lisa,Martin,xwilliams@example.net,2025-04-16 10:53:31.511306,True,Australia
230,Jennifer,Montes,karen73@example.net,2025-02-23 01:53:46.511306,True,Australia
231,John,Sheppard,mmckee@example.com,2024-11-12 09:31:10.511306,False,India
232,Erika,Hudson,smurray@example.com,2023-12-29 18:15:41.511306,True,Canada
233,Wesley,Barnes,lisasolis@example.org,2024-08-28 02:48:05.511306,False,India
234,Monique,Williams,jsawyer@example.org,2024-03-10 11:54:04.511306,False,Netherlands
235,Jennifer,Black,mitchellkathryn@example.com,2024-07-09 16:36:59.511306,True,United States
236,Shannon,Palmer,odavis@example.com,2025-05-26 01:42:17.511306,True,United Kingdom
237,Nicole,Arias,gbrown@example.com,2025-02-21 15:07:37.511306,True,Canada
238,Joe,Vang,jeffrey51@example.net,2025-03-31 21:28:35.511306,True,France
239,Debra,Moody,benjaminlowery@example.com,2025-01-06 04:25:03.511306,False,Germany
240,Heather,Taylor,awest@example.org,2025-02-17 06:55:16.511306,True,Germany
241,Andrew,Lewis,anaacosta@example.net,2025-07-13 05:21:17.511306,False,Canada
242,Rodney,Parsons,kevinwilliams@example.com,2024-01-17 20:54:29.511306,False,Nigeria
243,Danielle,Dean,rodriguezrebecca@example.net,2024-10-21 05:20:11.511306,True,United States
244,Amanda,Chen,jennifercarter@example.org,2024-08-22 21:43:13.511306,False,Netherlands
245,Christina,Allen,qlopez@example.org,2025-09-13 04:40:39.511306,False,India
246,Alexandra,Ward,myerstheodore@example.net,2025-05-12 04:29:04.511306,True,Australia
247,Paul,Brooks,kellycarlos@example.org,2025-05-17 00:35:02.511306,True,Brazil
248,Jessica,Fuller,dennis58@example.com,2024-05-18 19:32:41.511306,True,Germany
249,Lisa,Thompson,epollard@example.net,2024-12-31 12:26:21.511306,True,India
250,Ian,Taylor,mjohnson@example.org,2025-10-30 00:43:49.511306,True,Canada
251,Kylie,Blackwell,sarah86@example.net,2025-03-28 12:11:53.511306,True,Netherlands
252,Thomas,Johnson,justinatkins@example.org,2024-10-11 14:30:15.511306,False,India
253,Michelle,Rivera,lloydsamuel@example.com,2024-02-18 05:59:58.511306,False,United States
254,Julia,Kline,lmorgan@example.com,2024-04-03 01:46:37.511306,False,Canada
255,Heather,Richardson,laurie61@example.com,2024-01-23 03:56:38.511306,False,France
256,Carrie,Short,manuel15@example.net,2024-10-19 09:32:32.511306,True,United Kingdom
257,Kenneth,Griffin,cjackson@example.com,2024-10-09 06:16:43.511306,True,Brazil
258,Sergio,Acosta,christina64@example.net,2025-08-10 04:36:57.511306,False,United States
259,Tina,Gould,lambertrichard@example.net,2025-07-31 13:20:29.511306,True,France
260,Laurie,Shelton,thomascathy@example.com,2024-06-26 14:08:27.511306,True,United Kingdom
261,Austin,Jones,michael90@example.net,2025-08-16 14:30:34.511306,True,France
262,Eric,Cole,nathan19@example.org,2023-12-06 12:31:29.511306,True,United States
263,Alyssa,Sanders,john10@example.net,2024-09-02 23:54:05.511306,True,Canada
264,Jacob,Holmes,greenjorge@example.com,2024-07-15 06:11:22.511306,True,Canada
265,Jason,Carr,igonzalez@example.org,2024-04-29 17:13:27.511306,True,Nigeria
266,Shannon,Roach,zosborn@example.net,2025-08-02 19:37:07.511306,True,Netherlands
267,Tammy,Downs,jenna88@example.com,2024-04-01 19:18:14.511306,True,France
268,Patricia,York,laurahicks@example.org,2025-02-19 20:08:47.511306,True,India
269,Tracie,Conner,kristyjohnson@example.net,2024-08-28 06:45:04.511306,True,India
270,Ashley,Mcdonald,cherylmiller@example.com,2024-10-26 08:14:35.511306,True,Nigeria
271,Raymond,Love,xfox@example.com,2025-10-13 19:57:21.511306,True,France
272,Madeline,Jones,dawn77@example.net,2024-05-29 00:51:23.511306,False,United Kingdom
273,Zachary,Anderson,katrinaanderson@example.net,2024-07-07 00:44:07.511306,True,Netherlands
274,Renee,Brown,holmeskevin@example.org,2024-09-04 21:35:57.511306,True,Nigeria
275,Marcus,Fletcher,stacey84@example.org,2024-08-14 11:08:42.511306,True,United States
276,John,Reid,david49@example.net,2025-07-20 04:56:08.511306,False,France
277,Clarence,Davidson,georgeweber@example.net,2024-06-30 08:57:10.511306,False,Germany
278,Matthew,Bradshaw,bryananthony@example.org,2025-08-19 17:46:21.511306,True,Canada
279,Stacy,Wise,debra96@example.net,2025-08-11 14:23:16.511306,False,United States
280,Danielle,Jimenez,dawn47@example.org,2024-09-19 02:54:00.511306,True,Brazil
281,Linda,Cohen,shawn02@example.com,2024-03-20 14:07:54.511306,False,Brazil
282,Robert,Marshall,catherine55@example.net,2025-01-05 17:14:42.511306,True,Australia
283,Vanessa,Reed,xanderson@example.net,2024-11-16 06:10:40.511306,True,France
284,Anna,Flores,cmartinez@example.org,2024-04-23 20:12:22.511306,False,India
285,Donald,Williams,alin@example.org,2024-09-04 23:10:57.511306,False,India
286,Sydney,Barrera,sarah53@example.org,2024-01-23 15:58:30.511306,False,Germany
287,Tyrone,Robertson,fkoch@example.org,2025-09-30 01:19:10.511306,False,Australia
288,Christopher,Long,nlevy@example.net,2024-11-15 14:08:17.511306,False,United States
289,Michael,Williams,pharper@example.net,2024-08-04 06:23:10.511306,True,Brazil
290,Thomas,Herrera,jordannicole@example.net,2025-09-25 20:23:43.511306,True,Brazil
291,Michael,Powell,moralesashley@example.org,2024-02-25 19:21:48.511306,True,Netherlands
292,Michael,Roberts,wgordon@example.net,2025-06-03 22:47:33.511306,False,Germany
293,Joshua,Hays,andersoncolin@example.com,2025-08-31 13:09:06.511306,True,India
294,Laura,Morgan,kari39@example.net,2025-10-24 21:51:09.511306,True,United Kingdom
295,Richard,Williams,taylormason@example.com,2024-03-29 12:30:04.511306,False,France
296,April,Hernandez,markaustin@example.org,2025-03-25 15:04:41.511306,True,Australia
297,Phillip,Jensen,brittney88@example.net,2024-03-25 01:00:01.511306,True,Australia
298,Tracy,Hart,xcabrera@example.com,2025-01-10 08:14:04.511306,False,Canada
299,Emily,Whitney,laura09@example.com,2025-01-05 10:41:42.511306,True,India
300,Joseph,Rios,jennifersilva@example.org,2025-07-30 01:42:33.511306,False,France
301,Alexandria,Griffith,rhernandez@example.org,2023-12-11 00:20:27.511306,True,India
302,Anthony,Vaughan,leescott@example.com,2024-07-06 00:03:18.511306,True,Brazil
303,Edward,Vaughn,nshaw@example.com,2025-05-18 10:19:39.511306,True,Nigeria
304,Monique,Fitzgerald,thorntonapril@example.net,2024-08-15 17:45:39.511306,False,India
305,Mark,Bates,ledwards@example.com,2024-02-08 18:34:22.511306,True,Netherlands
306,Rhonda,Peterson,erica49@example.com,2023-11-28 12:41:30.511306,False,Germany
307,James,Wright,jeffrey44@example.net,2024-03-15 07:24:21.511306,True,Australia
308,Jared,Bush,timothy84@example.com,2024-06-07 08:11:59.511306,True,Germany
309,David,Rhodes,zhuang@example.com,2024-10-08 16:13:21.511306,False,Netherlands
310,Stephanie,Ballard,bobby15@example.com,2023-11-09 20:56:43.511306,False,Canada
311,Diana,Burgess,jamesryan@example.net,2024-03-20 06:31:08.511306,True,Canada
312,Heather,Taylor,johnsantiago@example.net,2024-02-27 11:47:20.511306,True,Brazil
313,Jeremiah,Hall,gutierrezjennifer@example.org,2024-07-08 08:17:23.511306,True,Canada
314,Erin,Taylor,richarddonovan@example.com,2024-08-04 12:45:29.511306,True,Nigeria
315,Thomas,Gonzalez,manuel01@example.net,2025-04-28 14:59:17.511306,False,India
316,Audrey,Nichols,gentrygregory@example.org,2025-02-09 00:01:54.511306,True,United Kingdom
317,Sarah,Johnson,lfrench@example.net,2025-02-12 05:11:40.511306,True,Netherlands
318,Suzanne,Howe,smithashley@example.org,2023-12-22 10:50:24.511306,True,India
319,Sarah,Rogers,ihays@example.net,2025-08-26 11:59:03.511306,True,India
320,Troy,Mays,znelson@example.org,2024-12-23 02:22:13.511306,True,India
321,Mark,Simon,jennifer05@example.com,2025-11-06 02:59:59.511306,True,United Kingdom
322,Ashley,Todd,cherylfowler@example.com,2024-10-02 08:59:51.511306,True,Canada
323,Margaret,Robertson,moralescody@example.org,2024-08-15 09:34:51.511306,True,Australia
324,Thomas,Boyle,greenjoe@example.com,2025-11-05 22:41:23.511306,True,Netherlands
325,Stephanie,Turner,greenmichael@example.org,2025-05-03 21:35:13.511306,True,Netherlands
326,Bryan,Wilson,erik84@example.net,2025-01-20 14:27:40.511306,False,United Kingdom
327,David,Hendricks,michael33@example.org,2025-09-08 10:32:57.511306,False,Australia
328,Timothy,Gibson,robert87@example.net,2024-06-15 02:30:31.511306,True,Germany
329,Laurie,Petersen,erinlarson@example.org,2025-01-03 23:11:25.511306,False,Nigeria
330,Alicia,Rice,christian91@example.org,2025-01-05 14:18:44.511306,True,Brazil
331,Maria,Leach,ashleyhernandez@example.com,2025-09-18 20:07:49.511306,True,Canada
332,Melissa,Ramos,jenniferburns@example.net,2025-10-11 04:07:04.511306,True,United Kingdom
333,Sean,Brown,williambryant@example.org,2024-02-11 02:34:27.511306,True,Brazil
334,Angelica,Chambers,jennifer64@example.org,2024-03-20 07:06:25.511306,True,Australia
335,Julie,Lane,hendersonisabella@example.net,2025-06-04 22:51:08.511306,True,Nigeria
336,Virginia,Michael,andersenthomas@example.com,2024-11-04 02:14:56.511306,False,United States
337,Robert,Mack,ybrooks@example.com,2024-08-28 08:42:37.511306,True,United Kingdom
338,Molly,Knox,qmiller@example.net,2025-06-21 05:19:28.511306,True,India
339,Dean,Dalton,whiteamanda@example.net,2024-06-23 14:47:25.511306,True,Australia
340,David,Irwin,avilatiffany@example.com,2024-11-17 15:01:59.511306,False,Netherlands
341,Emily,Stephens,pmorrow@example.com,2024-06-26 02:28:25.511306,False,Netherlands
342,Michael,Hill,johnsondonna@example.net,2025-07-28 10:15:00.511306,True,Netherlands
343,Katie,Stephenson,allencarlos@example.net,2025-09-10 20:35:15.511306,True,France
344,Arthur,Harper,sanchezbradley@example.com,2025-10-26 22:06:00.511306,False,Brazil
345,Jimmy,Robinson,taylorvictoria@example.org,2023-11-13 17:27:18.511306,False,Netherlands
346,Lisa,Dennis,barbara53@example.com,2025-09-11 01:26:32.511306,True,United States
347,Nancy,Odom,roberthill@example.net,2024-02-09 06:09:52.511306,True,Nigeria
348,Stacy,Hobbs,conniesimmons@example.com,2025-02-13 23:15:42.511306,True,France
349,Brandon,Cooper,ufloyd@example.net,2024-10-05 07:30:56.511306,True,United States
350,Robert,Hernandez,iwhite@example.com,2024-04-14 16:34:53.511306,False,United States
351,John,Perez,lindamelendez@example.net,2025-09-27 13:49:14.511306,True,Nigeria
352,Robert,Butler,paulscott@example.com,2025-03-19 08:57:11.511306,True,France
353,Deborah,Nielsen,christopher30@example.com,2024-06-15 05:30:15.511306,True,Nigeria
354,Nicholas,Jacobs,russojacob@example.net,2024-02-28 21:09:46.511306,True,Netherlands
355,Jennifer,Hansen,vclark@example.com,2025-03-20 06:02:07.511306,True,United States
356,Susan,Smith,suzannewilson@example.com,2024-06-20 01:14:28.511306,False,United States
357,Robin,Dominguez,randyallen@example.com,2023-11-14 18:17:35.511306,True,Germany
358,Kimberly,James,kyle58@example.com,2024-03-26 20:09:12.511306,True,United Kingdom
359,Steven,Lang,ugill@example.org,2023-11-15 04:57:34.511306,False,Canada
360,Nathan,Gutierrez,joycesmith@example.net,2024-03-19 00:41:35.511306,True,Germany
361,Sarah,Riley,mphillips@example.com,2025-04-03 07:11:34.511306,False,Brazil
362,Jerry,Hudson,victorpena@example.net,2024-01-20 01:18:25.511306,False,United States
363,Matthew,Hines,plevy@example.net,2025-01-26 11:31:57.511306,True,United Kingdom
364,Tracy,Jackson,gary87@example.org,2024-09-23 07:48:46.511306,True,Nigeria
365,Sabrina,Weaver,warrenmary@example.org,2025-11-03 10:09:25.511306,True,United Kingdom
366,Sierra,Barnett,gutierrezmegan@example.org,2024-12-25 11:36:34.511306,False,Canada
367,Carlos,Hernandez,williambrooks@example.net,2025-08-01 03:36:06.511306,False,Brazil
368,Dana,Peck,bhopkins@example.org,2024-02-06 02:45:01.511306,False,Germany
369,Amanda,Jenkins,morenojoshua@example.com,2025-01-27 08:17:25.511306,True,United Kingdom
370,Andre,Li,ldrake@example.org,2024-12-16 22:08:49.511306,False,Germany
371,Samantha,Warren,jamesfox@example.com,2024-10-13 16:58:18.511306,True,United Kingdom
372,Joseph,Sanders,susan79@example.org,2025-05-04 05:25:01.511306,True,Brazil
373,Veronica,Perez,valdezmichele@example.org,2024-11-01 10:21:00.511306,False,Germany
374,Clayton,Gray,abrown@example.net,2024-02-20 16:10:55.511306,True,Canada
375,George,Porter,vnewman@example.net,2025-07-15 16:24:57.511306,False,United Kingdom
376,Tiffany,Dickson,hallrachel@example.net,2024-05-07 09:42:47.511306,True,Netherlands
377,Paige,Alvarez,glassgabrielle@example.com,2025-06-23 03:11:39.511306,True,Netherlands
378,Rachel,Elliott,whitemelissa@example.org,2025-08-27 09:58:50.511306,False,Brazil
379,Suzanne,Matthews,thickman@example.org,2025-08-10 22:21:37.511306,True,United Kingdom
380,Anne,Knight,irhodes@example.com,2025-03-02 02:57:02.511306,True,France
381,Patrick,Singh,masonterri@example.org,2025-07-04 12:53:43.511306,True,United Kingdom
382,Connor,Hall,petersonkayla@example.net,2024-09-20 03:39:42.511306,True,United States
383,Randy,Ayala,walterskristen@example.com,2024-11-18 21:18:08.511306,True,United Kingdom
384,Tracy,Kelly,rreynolds@example.net,2025-07-29 08:28:48.511306,True,India
385,Donna,Miller,lauren11@example.com,2025-06-24 07:01:56.511306,False,United States
386,Eric,Dawson,jodistewart@example.org,2025-02-10 07:39:49.511306,True,Brazil
387,Christopher,Hahn,rward@example.org,2025-07-19 04:10:02.511306,True,United States
388,David,Lopez,ghawkins@example.com,2025-02-10 14:37:07.511306,False,Brazil
389,Dakota,Davis,carlsonkristen@example.com,2024-02-02 05:13:13.511306,True,United States
390,Alexander,Gutierrez,hardyanita@example.org,2024-07-18 02:47:18.511306,False,Australia
391,Ashley,Jackson,rjackson@example.com,2025-04-26 09:03:09.511306,True,Brazil
392,Joseph,Thomas,ryanfisher@example.com,2024-08-23 00:57:20.511306,True,Brazil
393,Kirsten,Ward,jennifersimpson@example.net,2025-10-03 08:37:07.511306,True,Brazil
394,James,Rodriguez,adam65@example.net,2024-01-13 22:51:14.511306,True,Nigeria
395,Noah,Atkins,pcook@example.net,2024-08-23 20:01:30.511306,False,Netherlands
396,Derek,Flores,timothythompson@example.com,2024-04-08 22:59:15.511306,True,Canada
397,Tanya,Carter,yfaulkner@example.org,2024-10-30 22:08:43.511306,False,Nigeria
398,Mark,Ramirez,kdiaz@example.org,2024-03-19 08:30:54.511306,False,United Kingdom
399,Brittany,Gardner,bentonsteven@example.net,2024-09-20 07:12:00.511306,True,Brazil
400,Jason,Salinas,fuenteslaura@example.com,2024-03-17 06:00:56.511306,True,Nigeria
401,Emily,Taylor,john26@example.com,2025-04-11 00:01:26.511306,True,France
402,Charles,Ewing,iaguilar@example.net,2024-05-09 18:38:55.511306,True,India
403,Sandra,Kane,ystephens@example.com,2024-05-21 19:05:54.511306,False,Canada
404,Jacqueline,Burnett,rodriguezjohn@example.net,2024-01-25 21:37:11.511306,False,United Kingdom
405,Michael,Holland,hartdeanna@example.net,2025-04-10 06:30:09.511306,False,Australia
406,Reginald,Goodwin,grodriguez@example.com,2023-12-15 23:06:41.511306,False,Netherlands
407,Jeffrey,Burgess,seanmyers@example.net,2024-03-21 08:35:43.511306,True,Canada
408,Brianna,Mason,whitney71@example.com,2024-05-11 09:35:46.511306,False,Canada
409,Robert,Nixon,guerrajessica@example.com,2025-01-28 12:26:27.511306,True,Germany
410,Larry,Gibson,adrianabailey@example.org,2025-02-04 09:04:52.511306,True,India
411,Samuel,Horton,carlos01@example.org,2024-07-04 06:17:34.511306,True,India
412,Melinda,Wong,sarahyang@example.net,2024-05-24 00:14:34.511306,True,Netherlands
413,Greg,Moore,omullen@example.com,2025-02-01 03:39:34.511306,False,Nigeria
414,Crystal,Lopez,vfoster@example.net,2025-04-05 06:03:16.511306,True,Canada
415,Nicole,Cole,tprice@example.org,2024-05-30 08:51:55.511306,True,France
416,Jamie,Goodwin,raylauren@example.net,2023-12-31 10:11:41.511306,True,Brazil
417,Jacob,Nguyen,qwilson@example.com,2025-05-27 14:35:07.511306,False,Australia
418,Allison,Fowler,lcarr@example.org,2024-03-13 21:13:44.511306,True,Canada
419,Michael,Bruce,lisamccarthy@example.com,2024-08-13 03:12:34.511306,False,Canada
420,Samantha,Lawrence,lawrenceallen@example.org,2025-01-27 14:11:22.511306,False,Germany
421,Isaac,Steele,ibarnes@example.net,2025-02-10 23:34:41.511306,False,Nigeria
422,Patrick,Lopez,angelaburns@example.org,2024-01-01 01:17:05.511306,True,Germany
423,Jacob,Wilkinson,glennstephanie@example.com,2024-12-06 13:49:17.511306,True,United States
424,Derrick,Ochoa,fortiz@example.com,2024-09-28 14:27:28.511306,False,Brazil
425,Jennifer,Wallace,christopherjohnson@example.org,2024-04-04 15:51:36.511306,True,India
426,Kelly,Hill,gary79@example.net,2025-10-19 15:54:12.511306,False,India
427,Kendra,Simpson,armstrongjoseph@example.net,2025-02-09 09:15:15.511306,True,United Kingdom
428,Madeline,Richardson,wolfscott@example.org,2023-11-26 20:10:05.511306,True,Canada
429,Veronica,Garcia,kennethkidd@example.com,2025-05-22 09:01:08.511306,True,United Kingdom
430,Jose,Atkins,gonzalesvictoria@example.org,2024-08-28 19:30:08.511306,True,United States
431,Jason,Rojas,michelle96@example.org,2024-07-09 02:08:08.511306,True,Netherlands
432,Christina,Glover,lindahudson@example.net,2025-02-17 13:08:13.511306,True,India
433,Juan,Ryan,tiffany44@example.net,2025-07-11 06:22:02.511306,True,Australia
434,Joseph,Hodge,taylorkaren@example.com,2025-06-17 19:39:32.511306,False,France
435,Samantha,Riddle,jacquelineanderson@example.org,2025-01-19 10:54:26.511306,True,Germany
436,Jennifer,Poole,kburns@example.net,2025-06-14 02:01:01.511306,True,United Kingdom
437,Joseph,Perry,yjones@example.org,2025-04-26 23:58:46.511306,True,Australia
438,Richard,Brady,shawn75@example.net,2025-05-18 05:19:17.511306,False,Australia
439,Aaron,Schroeder,simonstephen@example.net,2025-05-27 11:35:26.511306,True,India
440,Heidi,Horn,brobinson@example.org,2023-12-22 09:59:39.511306,True,Brazil
441,Troy,Morris,matthew92@example.net,2024-07-23 11:26:29.511306,True,United Kingdom
442,Melissa,Kramer,williamsconnie@example.com,2024-10-25 19:37:45.511306,False,United Kingdom
443,Allen,Noble,scottsmith@example.com,2025-06-24 22:57:24.511306,True,Brazil
444,James,Barker,nicoleturner@example.com,2025-05-19 23:10:35.511306,False,Canada
445,Clarence,Ward,watsonrebecca@example.org,2025-10-09 03:46:00.511306,False,India
446,Brett,Garrett,rubendavis@example.org,2025-08-14 17:29:12.511306,False,United Kingdom
447,Aaron,Woods,brittneystone@example.com,2025-02-17 12:11:48.511306,True,United States
448,Albert,Dominguez,mcneilrobert@example.org,2024-05-29 12:22:33.511306,True,France
449,Tim,Perez,crosscurtis@example.com,2025-04-18 01:20:57.511306,False,Australia
450,Michael,Evans,wayala@example.org,2025-03-05 20:04:23.511306,True,Germany
451,Darlene,Byrd,morenoalan@example.net,2024-08-25 23:50:50.511306,False,United States
452,Frank,Bell,courtneyhernandez@example.com,2025-09-08 22:56:07.511306,True,Brazil
453,Christina,Ramos,christophergarcia@example.org,2025-01-28 01:24:52.511306,False,Nigeria
454,Brittany,Cruz,iedwards@example.org,2024-10-19 17:39:07.511306,True,India
455,Joshua,Miller,kimberly04@example.org,2024-11-18 05:45:23.511306,True,United Kingdom
456,April,Hicks,dphillips@example.org,2025-01-14 13:43:26.511306,True,Canada
457,Troy,Rodriguez,elittle@example.net,2025-05-18 21:32:45.511306,True,United Kingdom
458,Pamela,Smith,sarah26@example.net,2024-10-07 21:36:51.511306,True,Netherlands
459,Robert,Payne,kathrynbest@example.org,2025-01-16 16:55:03.511306,True,Brazil
460,Alvin,Jones,jason06@example.net,2025-02-06 12:23:32.511306,False,Brazil
461,Justin,Marquez,zhenderson@example.org,2025-07-29 02:41:09.511306,True,United States
462,Danielle,Medina,joshuacollins@example.net,2024-01-23 10:03:41.511306,True,Australia
463,Samantha,Mccann,amandamyers@example.net,2025-10-02 16:40:30.511306,False,Canada
464,Kathryn,Santos,collinssamuel@example.org,2025-07-22 02:48:13.511306,True,United Kingdom
465,Brian,Miller,nwilson@example.net,2024-07-06 10:20:23.511306,True,Nigeria
466,Brian,Wade,davidzimmerman@example.net,2025-06-09 12:01:45.511306,True,India
467,Alexander,Crawford,alexandra42@example.com,2024-11-21 00:23:41.511306,True,United Kingdom
468,David,Norman,jessica10@example.com,2025-06-16 15:51:48.511306,True,Nigeria
469,Lindsay,Nelson,bakertheresa@example.net,2024-09-24 10:30:00.511306,True,United Kingdom
470,Chris,Gibson,brian92@example.com,2023-12-03 17:37:26.511306,True,Nigeria
471,Eric,Ayala,perezwilliam@example.org,2025-06-04 15:08:16.511306,True,France
472,Michele,Smith,ruizpatrick@example.org,2025-10-28 03:05:54.511306,True,Netherlands
473,Harold,Horne,tranrobin@example.net,2024-08-26 04:44:03.511306,True,Canada
474,Diana,Walker,robertcortez@example.com,2024-01-22 03:18:31.511306,True,India
475,Margaret,Duncan,shawrachel@example.org,2024-02-04 22:29:10.511306,True,United Kingdom
476,Jeffrey,Black,finleycasey@example.com,2025-05-24 06:35:24.511306,True,France
477,Michelle,Ayala,mark87@example.org,2024-04-17 10:04:05.511306,True,Brazil
478,Miguel,Carter,jodi37@example.com,2025-04-10 19:00:52.511306,True,Germany
479,Brittany,Snyder,jessicapayne@example.org,2024-03-28 19:28:10.511306,False,United States
480,Edward,Randolph,hallmichael@example.net,2024-11-11 07:01:17.511306,True,India
481,Natalie,Tapia,blakenicholas@example.net,2025-05-24 15:34:30.511306,True,United Kingdom
482,Jessica,Garcia,robertwoodward@example.org,2024-01-13 22:06:40.511306,True,India
483,Jennifer,Davis,phyllismeyer@example.net,2025-04-29 01:48:24.511306,False,Netherlands
484,Paula,Ellis,carpenterwilliam@example.net,2024-01-21 15:24:47.511306,False,United Kingdom
485,Lori,Jones,grahamtamara@example.org,2025-02-10 03:48:38.511306,True,Brazil
486,Kelly,Rosales,vhaynes@example.com,2024-03-18 06:55:21.511306,True,Canada
487,Louis,Nelson,hardingderek@example.net,2024-03-19 02:36:05.511306,True,United States
488,Daniel,Garcia,aowens@example.org,2024-03-14 05:42:49.511306,True,Canada
489,Amanda,Oconnell,shannonford@example.org,2024-04-20 22:35:52.511306,False,Germany
490,Christopher,Aguirre,margaret90@example.org,2024-10-27 05:44:33.511306,False,United Kingdom
491,Mary,Murphy,dawsontanya@example.com,2024-07-20 17:59:50.511306,True,Australia
492,William,Byrd,lori20@example.com,2024-08-14 15:24:27.511306,True,Netherlands
493,Melissa,Hawkins,codygarcia@example.org,2025-05-06 14:15:06.511306,True,Canada
494,David,Brown,davidcolon@example.com,2025-07-06 07:59:27.511306,True,Netherlands
495,Gina,Pace,aguilarjonathan@example.org,2025-07-18 23:08:33.511306,False,Netherlands
496,Andrew,Brown,flamb@example.com,2023-12-19 11:52:59.511306,True,Netherlands
497,David,Dunlap,jacksonaudrey@example.net,2024-08-05 10:33:25.511306,True,Netherlands
498,Randall,Johnson,nthompson@example.org,2025-01-07 09:21:17.511306,True,India
499,Joshua,Griffin,austinharvey@example.org,2025-08-11 06:42:50.511306,True,France
500,Deborah,Porter,rbrown@example.com,2025-03-15 19:45:57.511306,False,Nigeria
