order_id,customer_id,order_date,status,payment_method,coupon_code,channel,total_amount
1,362,2025-09-29 14:54:13.846396,pending,bank_transfer,WELCOME10,web,265.27
2,307,2025-01-16 14:34:55.846396,returned,google_pay,,marketplace,801.52
3,116,2025-06-10 12:00:26.846396,pending,credit_card,WELCOME10,web,789.31
4,213,2025-07-23 08:46:08.846396,pending,google_pay,WELCOME10,marketplace,525.28
5,470,2025-10-05 06:41:27.846396,delivered,paypal,FREESHIP,marketplace,470.07
6,198,2025-03-28 11:05:12.846396,paid,apple_pay,SUMMER15,mobile,922.9
7,431,2025-01-24 18:41:22.846396,shipped,credit_card,,mobile,1437.7
8,276,2024-12-25 23:55:13.846396,shipped,google_pay,SUMMER15,web,1157.53
9,131,2025-06-30 06:22:25.846396,pending,apple_pay,,marketplace,1383.65
10,113,2025-04-06 09:44:18.846396,cancelled,bank_transfer,,web,161.5
11,460,2025-11-01 13:22:57.846396,pending,paypal,SUMMER15,web,1939.13
12,177,2025-03-05 14:31:39.846396,delivered,bank_transfer,FREESHIP,marketplace,750.85
13,403,2025-05-11 16:46:20.846396,shipped,bank_transfer,WELCOME10,marketplace,1355.99
14,431,2025-03-23 10:26:40.846396,pending,google_pay,,web,1342.91
15,60,2025-08-06 19:45:48.846396,paid,apple_pay,FREESHIP,mobile,570.22
16,381,2025-09-30 07:07:41.846396,paid,bank_transfer,,web,150.25
17,71,2024-11-22 22:20:08.846396,delivered,bank_transfer,,web,822.74
18,201,2025-08-23 22:18:26.846396,paid,apple_pay,FREESHIP,marketplace,880.42
19,102,2025-06-28 16:03:07.846396,shipped,paypal,WELCOME10,marketplace,1349.87
20,67,2025-08-21 06:28:25.846396,shipped,google_pay,FREESHIP,marketplace,849.24
21,320,2025-05-30 00:01:48.846396,paid,paypal,,mobile,52.57
22,464,2024-12-22 12:33:56.846396,pending,paypal,,web,571.34
23,498,2025-10-21 02:13:14.846396,cancelled,credit_card,FREESHIP,mobile,1711.09
24,45,2025-09-08 03:53:29.846396,cancelled,bank_transfer,,web,1631.43
25,379,2025-10-20 15:01:15.846396,returned,google_pay,SUMMER15,marketplace,1042.41
26,113,2025-04-29 14:54:42.846396,shipped,apple_pay,WELCOME10,mobile,211.62
27,39,2024-11-07 20:26:23.846396,cancelled,paypal,,web,422.22
28,140,2025-09-22 21:42:58.846396,returned,google_pay,,web,701.38
29,192,2025-01-24 00:27:50.846396,paid,google_pay,,web,416.33
30,195,2025-09-08 22:39:08.846396,delivered,credit_card,,mobile,569.46
31,90,2025-04-12 19:34:06.846396,pending,paypal,,web,1391.58
32,90,2024-12-20 04:32:40.846396,pending,google_pay,WELCOME10,web,1318.27
33,95,2025-10-10 04:09:17.846396,cancelled,paypal,SUMMER15,marketplace,1265.28
34,326,2025-09-13 02:15:22.846396,paid,google_pay,,marketplace,1822.68
35,480,2025-02-16 22:11:58.846396,delivered,bank_transfer,FREESHIP,marketplace,2100.05
36,408,2025-06-25 15:15:21.846396,paid,paypal,,mobile,1104.11
37,102,2024-11-17 08:16:11.846396,cancelled,paypal,,web,988.96
38,337,2024-11-09 13:26:06.846396,returned,credit_card,WELCOME10,web,749.23
39,481,2024-11-22 22:52:50.846396,pending,google_pay,WELCOME10,mobile,936.31
40,94,2025-10-15 04:31:25.846396,paid,google_pay,WELCOME10,marketplace,2005.36
41,27,2025-08-26 07:49:46.846396,delivered,paypal,FREESHIP,mobile,257.42
42,117,2025-02-11 14:17:04.846396,pending,apple_pay,SUMMER15,mobile,239.07
43,209,2025-06-05 03:51:14.846396,returned,credit_card,,marketplace,1694.88
44,125,2025-10-02 14:26:00.846396,pending,apple_pay,,mobile,1142.81
45,210,2024-12-31 19:54:12.846396,paid,paypal,,mobile,103.34
46,88,2025-01-17 02:12:37.846396,paid,bank_transfer,FREESHIP,web,216.35
47,71,2024-12-15 02:59:03.846396,cancelled,credit_card,,marketplace,983.78
48,495,2025-08-09 11:23:15.846396,pending,paypal,WELCOME10,mobile,327.18
49,94,2025-07-13 04:22:33.846396,paid,apple_pay,,web,377.54
50,12,2025-05-19 10:55:43.846396,delivered,bank_transfer,FREESHIP,mobile,2019.78
51,68,2025-06-11 07:05:06.846396,returned,apple_pay,WELCOME10,web,308.37
52,99,2025-04-06 18:46:35.846396,pending,google_pay,,marketplace,1218.15
53,162,2024-12-07 22:16:05.846396,pending,credit_card,,mobile,2507.04
54,174,2025-07-22 06:11:16.846396,paid,credit_card,,web,1465.05
55,113,2025-02-09 13:20:42.846396,cancelled,credit_card,,web,1068.88
56,156,2025-05-31 15:12:54.846396,cancelled,paypal,,marketplace,1302.53
57,364,2024-11-27 09:24:04.846396,pending,apple_pay,,marketplace,419.14
58,234,2025-08-23 05:53:03.846396,shipped,bank_transfer,WELCOME10,marketplace,1090.26
59,71,2025-04-15 19:32:26.846396,shipped,apple_pay,WELCOME10,marketplace,409.95
60,462,2025-10-02 21:46:22.846396,delivered,bank_transfer,,web,1212.25
61,451,2025-06-29 09:27:57.846396,cancelled,credit_card,,marketplace,1260.2
62,302,2025-02-24 05:16:08.846396,shipped,paypal,SUMMER15,web,658.49
63,320,2025-03-12 00:18:15.846396,shipped,paypal,FREESHIP,marketplace,685.43
64,222,2025-11-01 21:51:52.846396,cancelled,google_pay,,marketplace,494.83
65,120,2025-08-16 21:45:01.846396,returned,credit_card,WELCOME10,mobile,1290.28
66,151,2025-01-04 14:44:50.846396,returned,google_pay,WELCOME10,mobile,947.39
67,228,2025-03-31 08:52:17.846396,paid,bank_transfer,WELCOME10,marketplace,248.59
68,471,2025-09-26 20:27:41.846396,cancelled,apple_pay,SUMMER15,web,245.94
69,400,2024-12-24 09:56:37.846396,delivered,bank_transfer,,web,380.74
70,30,2025-04-25 15:36:47.846396,returned,bank_transfer,WELCOME10,marketplace,990.05
71,99,2025-06-21 06:56:10.846396,returned,apple_pay,,web,66.71
72,162,2025-01-02 13:35:23.846396,returned,paypal,,web,191.75
73,429,2025-05-15 08:03:31.846396,cancelled,paypal,FREESHIP,web,835.8
74,3,2024-11-27 22:04:25.846396,shipped,credit_card,SUMMER15,web,200.02
75,184,2025-10-21 19:56:07.846396,returned,credit_card,SUMMER15,marketplace,1063.67
76,389,2025-06-03 09:26:52.846396,returned,paypal,WELCOME10,web,1102.06
77,176,2025-02-05 01:51:41.846396,pending,paypal,,mobile,1461.32
78,229,2025-06-04 19:53:08.846396,shipped,paypal,,web,1034.56
79,82,2025-05-20 12:15:36.846396,delivered,paypal,WELCOME10,mobile,898.99
80,331,2025-05-04 21:57:42.846396,paid,paypal,,marketplace,981.79
81,245,2025-02-13 01:21:28.846396,shipped,bank_transfer,,mobile,1296.66
82,96,2025-05-05 10:12:21.846396,cancelled,apple_pay,,marketplace,1482.69
83,35,2025-04-24 11:51:18.846396,pending,bank_transfer,WELCOME10,marketplace,352.74
84,45,2025-03-21 12:14:35.846396,pending,google_pay,FREESHIP,mobile,169.06
85,35,2025-04-16 02:44:20.846396,cancelled,google_pay,,mobile,434.29
86,290,2025-08-28 17:46:15.846396,shipped,credit_card,,mobile,953.92
87,195,2024-11-07 05:46:47.846396,cancelled,paypal,SUMMER15,mobile,60.91
88,406,2024-12-11 22:52:20.846396,cancelled,bank_transfer,,web,440.75
89,131,2025-04-09 05:18:50.846396,shipped,apple_pay,SUMMER15,mobile,1182.41
90,49,2025-10-28 21:36:53.846396,cancelled,paypal,WELCOME10,mobile,1282.46
91,135,2025-10-13 00:39:16.846396,returned,paypal,,marketplace,1179.77
92,472,2025-04-10 01:38:06.846396,cancelled,credit_card,SUMMER15,mobile,530.9
93,454,2025-02-22 02:30:07.846396,cancelled,google_pay,,mobile,1147.69
94,68,2025-07-03 02:56:06.846396,delivered,paypal,,mobile,149.91
95,52,2025-02-01 10:50:17.846396,pending,bank_transfer,,marketplace,748.24
96,147,2025-09-27 09:23:48.846396,shipped,credit_card,WELCOME10,marketplace,1079.09
97,243,2025-04-13 19:01:45.846396,paid,paypal,,web,489.88
98,1,2025-03-12 04:08:58.846396,cancelled,credit_card,FREESHIP,mobile,421.63
99,254,2025-09-25 07:48:35.846396,paid,apple_pay,FREESHIP,mobile,447.05
100,64,2025-03-10 16:13:23.846396,returned,credit_card,,mobile,213.62
101,308,2025-02-26 17:15:14.846396,returned,google_pay,FREESHIP,web,1241.9
102,350,2025-08-18 19:55:23.846396,pending,apple_pay,WELCOME10,mobile,1575.44
103,388,2025-10-14 06:11:17.846396,cancelled,google_pay,SUMMER15,mobile,478.41
104,22,2025-09-16 05:13:43.846396,delivered,google_pay,FREESHIP,web,292.99
105,355,2025-07-08 03:14:12.846396,shipped,paypal,,mobile,658.63
106,228,2025-07-31 04:29:38.846396,returned,paypal,SUMMER15,mobile,1418.07
107,375,2024-12-15 21:15:11.846396,paid,bank_transfer,SUMMER15,mobile,472.24
108,358,2025-08-09 13:47:02.846396,paid,paypal,WELCOME10,mobile,479.19
109,457,2025-10-27 16:24:49.846396,returned,paypal,,mobile,1108.54
110,217,2025-06-02 22:53:50.846396,cancelled,apple_pay,FREESHIP,web,1062.86
111,388,2025-02-20 02:08:50.846396,delivered,google_pay,,web,586.81
112,369,2025-08-28 00:41:58.846396,delivered,credit_card,SUMMER15,mobile,949.81
113,487,2025-05-25 02:06:22.846396,cancelled,google_pay,,web,920.68
114,84,2025-07-13 18:50:21.846396,shipped,apple_pay,FREESHIP,web,899.53
115,44,2025-05-24 23:05:18.846396,returned,apple_pay,,web,250.65
116,447,2025-07-03 15:29:49.846396,cancelled,google_pay,,mobile,831.37
117,158,2025-09-06 07:23:56.846396,returned,credit_card,,marketplace,1590.65
118,333,2025-06-13 15:47:27.846396,delivered,paypal,,mobile,169.25
119,225,2025-05-19 22:46:07.846396,paid,apple_pay,SUMMER15,mobile,1758.92
120,102,2025-05-19 20:58:52.846396,delivered,bank_transfer,,mobile,713.68
121,293,2024-11-16 06:29:23.846396,pending,bank_transfer,WELCOME10,marketplace,1636.32
122,94,2024-12-12 10:34:47.846396,pending,credit_card,WELCOME10,web,1691.59
123,416,2024-11-17 09:28:20.846396,paid,paypal,WELCOME10,mobile,1683.57
124,346,2025-10-14 15:00:54.846396,cancelled,paypal,FREESHIP,marketplace,495.65
125,295,2025-03-18 00:16:52.846396,paid,google_pay,,marketplace,1385.65
126,226,2025-01-03 16:48:46.846396,shipped,credit_card,,web,1357.72
127,463,2025-04-15 07:48:51.846396,returned,apple_pay,FREESHIP,marketplace,1690.29
128,277,2025-02-15 13:37:02.846396,cancelled,paypal,,marketplace,658.94
129,249,2025-04-10 08:42:38.846396,pending,google_pay,,mobile,417.84
130,158,2025-08-06 02:26:49.846396,returned,bank_transfer,,marketplace,840.76
131,266,2025-10-03 23:16:26.846396,pending,apple_pay,FREESHIP,web,1429.79
132,123,2025-06-16 00:02:13.846396,returned,apple_pay,,web,574.65
133,334,2025-06-16 17:15:47.846396,returned,google_pay,,mobile,1787.45
134,82,2025-09-18 06:26:40.846396,delivered,apple_pay,FREESHIP,marketplace,1255.28
135,31,2025-09-05 20:37:20.846396,shipped,paypal,,mobile,638.72
136,454,2025-06-24 19:43:44.846396,delivered,google_pay,,marketplace,681.74
137,217,2025-05-19 23:05:53.846396,pending,apple_pay,SUMMER15,web,1313.3
138,199,2025-07-13 18:34:23.846396,shipped,bank_transfer,SUMMER15,mobile,1127.26
139,58,2025-09-07 20:54:32.846396,cancelled,credit_card,,web,1251.8
140,142,2024-12-19 19:38:16.846396,returned,apple_pay,FREESHIP,marketplace,425.86
141,297,2025-03-10 04:11:03.846396,returned,apple_pay,FREESHIP,web,979.39
142,206,2024-12-23 21:33:47.846396,paid,apple_pay,,web,2406.3
143,308,2025-04-12 08:01:26.846396,shipped,apple_pay,,marketplace,448.26
144,339,2025-05-02 02:20:32.846396,returned,google_pay,SUMMER15,mobile,2276.17
145,321,2025-11-01 03:22:14.846396,shipped,bank_transfer,SUMMER15,web,1591.99
146,8,2025-01-06 17:51:43.846396,shipped,credit_card,,marketplace,844.67
147,10,2025-10-25 17:35:28.846396,paid,paypal,,mobile,241.12
148,16,2025-03-28 08:18:59.846396,cancelled,google_pay,SUMMER15,web,1182.65
149,216,2025-02-13 21:38:10.846396,paid,bank_transfer,WELCOME10,mobile,1020.92
150,13,2024-11-14 06:17:51.846396,paid,bank_transfer,,web,916.41
151,227,2025-08-16 21:29:11.846396,returned,paypal,,mobile,883.16
152,500,2024-12-28 11:17:48.846396,cancelled,bank_transfer,FREESHIP,mobile,1098.73
153,381,2025-06-19 23:15:18.846396,paid,credit_card,SUMMER15,mobile,895.17
154,281,2025-01-03 13:13:45.846396,delivered,apple_pay,,marketplace,928.11
155,127,2025-09-24 12:48:07.846396,paid,paypal,,mobile,1053.13
156,337,2024-12-19 19:53:11.846396,pending,google_pay,FREESHIP,marketplace,1011.31
157,185,2025-09-08 09:21:58.846396,paid,google_pay,FREESHIP,mobile,1117.0
158,41,2025-06-20 21:40:35.846396,cancelled,apple_pay,SUMMER15,marketplace,1886.73
159,334,2025-09-19 13:02:35.846396,cancelled,credit_card,WELCOME10,marketplace,1502.22
160,294,2025-02-22 20:29:08.846396,returned,credit_card,WELCOME10,web,1602.68
161,54,2025-02-03 06:56:51.846396,pending,paypal,,mobile,630.26
162,93,2025-06-25 08:28:13.846396,delivered,bank_transfer,,web,1596.27
163,20,2025-04-02 21:08:37.846396,returned,apple_pay,,marketplace,984.53
164,252,2025-03-05 20:28:56.846396,returned,google_pay,,web,407.1
165,429,2025-06-11 15:01:44.846396,cancelled,paypal,,web,118.47
166,488,2025-03-22 16:01:44.846396,pending,credit_card,WELCOME10,mobile,878.82
167,354,2025-09-07 07:34:28.846396,shipped,apple_pay,,mobile,1895.19
168,306,2025-10-24 21:55:18.846396,returned,apple_pay,SUMMER15,marketplace,105.59
169,186,2025-08-10 04:49:43.846396,delivered,credit_card,,web,632.67
170,373,2025-06-15 22:35:08.846396,cancelled,bank_transfer,,web,1141.08
171,32,2025-03-04 07:47:33.846396,cancelled,credit_card,,mobile,502.0
172,165,2025-08-28 12:18:54.846396,paid,apple_pay,,marketplace,1305.91
173,70,2025-06-20 20:58:39.846396,paid,google_pay,FREESHIP,marketplace,554.98
174,211,2025-07-15 14:10:20.846396,delivered,bank_transfer,FREESHIP,mobile,818.65
175,104,2025-04-19 14:39:31.846396,paid,bank_transfer,FREESHIP,marketplace,36.83
176,179,2025-07-17 21:20:38.846396,returned,apple_pay,,web,1416.29
177,428,2025-06-26 14:03:23.846396,shipped,bank_transfer,SUMMER15,web,919.33
178,427,2025-06-01 05:35:10.846396,pending,google_pay,FREESHIP,mobile,1660.82
179,152,2024-12-03 17:40:47.846396,cancelled,bank_transfer,,mobile,26.0
180,218,2025-09-23 02:56:40.846396,pending,paypal,SUMMER15,marketplace,1311.83
181,126,2025-01-12 21:20:13.846396,delivered,apple_pay,,web,1345.95
182,246,2025-09-25 09:01:07.846396,paid,paypal,SUMMER15,marketplace,1060.56
183,308,2024-11-14 06:57:25.846396,delivered,credit_card,WELCOME10,web,905.61
184,57,2025-06-30 15:07:37.846396,returned,paypal,FREESHIP,marketplace,68.29
185,102,2025-04-05 05:22:39.846396,returned,bank_transfer,FREESHIP,mobile,279.05
186,23,2025-07-05 19:43:27.846396,delivered,google_pay,WELCOME10,mobile,1241.7
187,438,2025-02-12 08:40:22.846396,cancelled,paypal,,mobile,1251.11
188,355,2025-06-06 23:13:29.846396,cancelled,bank_transfer,,mobile,656.55
189,229,2025-04-08 08:13:12.846396,cancelled,apple_pay,WELCOME10,mobile,672.27
190,249,2025-08-09 04:29:04.846396,shipped,bank_transfer,,marketplace,849.06
191,469,2025-05-19 03:25:43.846396,shipped,paypal,,web,1157.36
192,350,2025-08-26 00:47:37.846396,paid,apple_pay,,mobile,511.01
193,301,2025-07-07 00:43:49.846396,delivered,paypal,FREESHIP,web,157.5
194,337,2025-01-10 05:08:17.846396,cancelled,bank_transfer,,mobile,1500.28
195,71,2024-12-28 05:59:58.846396,delivered,credit_card,,web,1678.03
196,319,2025-06-04 10:41:24.846396,paid,credit_card,FREESHIP,mobile,511.08
197,322,2025-04-29 09:32:32.846396,returned,apple_pay,,web,28.48
198,239,2025-04-24 06:16:43.846396,delivered,bank_transfer,,marketplace,851.98
199,81,2025-07-14 06:32:53.846396,pending,google_pay,,web,1325.32
200,260,2025-09-25 21:18:48.846396,paid,credit_card,FREESHIP,web,612.69
201,6,2025-09-26 14:30:34.846396,delivered,paypal,,mobile,766.4
202,251,2024-11-20 12:31:29.846396,shipped,credit_card,SUMMER15,mobile,1868.21
203,31,2025-05-17 02:31:51.846396,paid,paypal,,mobile,309.66
204,19,2025-08-22 17:24:21.846396,paid,paypal,,marketplace,938.64
205,60,2025-05-21 09:24:47.846396,returned,paypal,FREESHIP,marketplace,855.54
206,241,2025-01-18 19:18:14.846396,delivered,bank_transfer,FREESHIP,mobile,768.08
207,483,2025-10-13 11:11:32.846396,delivered,bank_transfer,,marketplace,1026.6
208,435,2025-01-25 13:32:22.846396,delivered,bank_transfer,,mobile,1679.81
209,16,2025-09-30 02:17:56.846396,returned,bank_transfer,FREESHIP,mobile,2030.34
210,487,2025-02-16 00:51:23.846396,delivered,credit_card,WELCOME10,mobile,493.51
211,63,2025-08-25 23:55:10.846396,cancelled,bank_transfer,,mobile,1320.46
212,272,2024-11-18 10:48:56.846396,delivered,bank_transfer,,marketplace,779.56
213,237,2025-10-23 12:38:09.846396,cancelled,apple_pay,SUMMER15,web,481.54
214,196,2025-09-12 23:40:40.846396,paid,paypal,,mobile,215.89
215,304,2025-10-20 10:51:01.846396,returned,paypal,,web,1356.07
216,467,2025-09-24 10:22:58.846396,pending,bank_transfer,FREESHIP,web,768.44
217,497,2025-08-30 00:08:04.846396,returned,paypal,,mobile,1110.3
218,357,2025-04-23 01:58:41.846396,paid,paypal,WELCOME10,marketplace,494.16
219,183,2025-05-13 06:10:40.846396,cancelled,bank_transfer,WELCOME10,mobile,61.48
220,463,2025-07-10 21:35:45.846396,returned,bank_transfer,,mobile,1630.74
221,433,2024-12-14 15:58:30.846396,paid,apple_pay,,mobile,1138.38
222,363,2024-12-23 01:12:58.846396,pending,bank_transfer,,web,646.36
223,151,2025-06-27 00:16:12.846396,returned,bank_transfer,,mobile,1102.92
224,244,2025-09-29 00:22:30.846396,pending,paypal,FREESHIP,web,575.82
225,137,2025-09-20 07:17:25.846396,shipped,google_pay,WELCOME10,marketplace,535.67
226,274,2024-12-09 09:59:04.846396,delivered,bank_transfer,,mobile,438.8
227,360,2025-01-04 15:56:21.846396,pending,credit_card,SUMMER15,mobile,613.49
228,151,2025-01-04 14:23:20.846396,paid,google_pay,WELCOME10,mobile,1518.32
229,128,2025-06-27 00:21:30.846396,returned,google_pay,FREESHIP,marketplace,1218.67
230,3,2025-01-25 01:57:20.846396,returned,credit_card,FREESHIP,marketplace,805.64
231,290,2025-06-02 21:02:07.846396,pending,bank_transfer,WELCOME10,mobile,169.99
232,107,2025-06-21 19:26:48.846396,shipped,credit_card,,mobile,887.71
233,82,2025-08-12 10:19:39.846396,shipped,credit_card,FREESHIP,mobile,35.76
234,211,2025-02-11 15:17:52.846396,delivered,credit_card,,web,1059.61
235,162,2025-10-01 10:08:00.846396,cancelled,credit_card,,mobile,1029.04
236,184,2025-03-10 15:26:06.846396,cancelled,paypal,,marketplace,130.71
237,211,2025-02-21 08:11:59.846396,paid,paypal,SUMMER15,web,428.32
238,18,2025-09-07 10:57:12.846396,shipped,paypal,WELCOME10,marketplace,1723.47
239,158,2025-03-14 17:12:12.846396,pending,credit_card,WELCOME10,web,294.11
240,435,2025-05-08 19:30:47.846396,cancelled,bank_transfer,,web,1729.24
241,119,2025-03-21 12:45:29.846396,paid,apple_pay,,web,977.59
242,170,2024-12-09 04:11:23.846396,delivered,bank_transfer,,marketplace,413.38
243,76,2025-01-01 03:18:26.846396,cancelled,paypal,,web,641.76
244,153,2025-10-10 05:50:08.846396,shipped,apple_pay,,web,1060.32
245,463,2024-12-08 04:17:22.846396,delivered,apple_pay,,web,73.28
246,162,2025-07-16 02:59:59.846396,pending,credit_card,SUMMER15,marketplace,1170.96
247,222,2025-01-20 13:14:30.846396,paid,bank_transfer,,marketplace,195.51
248,106,2025-09-02 06:48:55.846396,returned,bank_transfer,FREESHIP,marketplace,863.65
249,123,2025-08-04 21:35:13.846396,delivered,google_pay,,mobile,541.28
250,100,2024-12-26 15:00:57.846396,returned,google_pay,,web,461.25
251,371,2025-06-15 03:17:27.846396,paid,apple_pay,SUMMER15,mobile,2394.97
252,3,2025-05-30 01:59:45.846396,returned,credit_card,SUMMER15,mobile,437.26
253,89,2025-04-15 20:07:49.846396,shipped,paypal,,mobile,1364.55
254,147,2024-12-10 14:10:18.846396,pending,credit_card,FREESHIP,web,482.72
255,385,2025-05-15 15:35:15.846396,cancelled,credit_card,,marketplace,1701.97
256,177,2025-08-20 22:51:08.846396,returned,credit_card,FREESHIP,mobile,412.23
257,73,2025-10-13 02:14:56.846396,returned,credit_card,SUMMER15,marketplace,1166.43
258,159,2025-04-14 23:39:11.846396,pending,google_pay,,web,725.57
259,368,2025-01-25 10:45:40.846396,delivered,paypal,,mobile,968.92
260,305,2025-08-18 00:13:57.846396,pending,bank_transfer,,web,1076.98
261,164,2025-06-14 07:16:27.846396,cancelled,google_pay,,marketplace,1218.72
262,347,2025-08-18 11:48:22.846396,cancelled,bank_transfer,,web,2039.56
263,124,2025-03-25 22:06:00.846396,shipped,bank_transfer,,web,794.04
264,200,2025-01-19 07:28:09.846396,returned,apple_pay,,web,657.15
265,465,2025-09-26 11:57:59.846396,pending,google_pay,WELCOME10,mobile,2235.15
266,91,2025-06-09 03:22:01.846396,shipped,paypal,SUMMER15,mobile,1101.95
267,281,2025-04-22 07:30:56.846396,cancelled,credit_card,,web,1232.52
268,93,2025-01-26 09:20:42.846396,pending,credit_card,SUMMER15,mobile,442.15
269,303,2025-10-11 02:17:17.846396,delivered,google_pay,FREESHIP,mobile,401.78
270,18,2025-03-25 18:41:56.846396,cancelled,credit_card,SUMMER15,mobile,924.72
271,130,2025-01-01 21:09:46.846396,returned,google_pay,FREESHIP,marketplace,258.89
272,49,2025-10-13 22:04:46.846396,pending,paypal,FREESHIP,marketplace,86.73
273,126,2024-12-04 11:07:48.846396,paid,bank_transfer,WELCOME10,web,597.74
274,365,2025-03-16 21:23:19.846396,shipped,credit_card,,mobile,136.1
275,35,2025-06-14 17:14:49.846396,paid,apple_pay,,marketplace,555.46
276,325,2025-03-04 05:03:51.846396,cancelled,bank_transfer,,mobile,56.07
277,198,2024-11-28 02:43:57.846396,pending,apple_pay,,mobile,91.52
278,416,2025-08-28 02:28:48.846396,cancelled,apple_pay,,marketplace,1003.11
279,325,2025-06-07 21:23:28.846396,pending,apple_pay,,mobile,317.22
280,167,2025-02-02 09:21:19.846396,delivered,bank_transfer,,mobile,2667.64
281,1,2024-12-30 19:42:32.846396,delivered,google_pay,FREESHIP,marketplace,1038.93
282,85,2024-12-17 01:15:34.846396,shipped,bank_transfer,WELCOME10,mobile,2288.1
283,239,2025-01-31 13:37:52.846396,cancelled,credit_card,,marketplace,886.67
284,166,2025-02-13 23:34:14.846396,shipped,paypal,WELCOME10,web,834.74
285,242,2025-01-19 20:10:11.846396,paid,paypal,,web,1073.97
286,401,2025-10-07 13:35:37.846396,paid,apple_pay,FREESHIP,marketplace,1027.79
287,16,2025-08-30 03:11:39.846396,returned,google_pay,,marketplace,217.62
288,363,2025-09-21 22:37:04.846396,returned,bank_transfer,WELCOME10,mobile,1258.62
289,317,2024-12-11 03:55:23.846396,delivered,bank_transfer,SUMMER15,marketplace,350.53
290,245,2024-12-04 23:39:50.846396,cancelled,credit_card,SUMMER15,mobile,35.45
291,154,2025-06-25 12:13:10.846396,pending,bank_transfer,SUMMER15,web,899.76
292,156,2025-10-02 14:08:16.846396,cancelled,google_pay,,mobile,1321.64
293,429,2025-07-01 07:58:45.846396,cancelled,credit_card,FREESHIP,marketplace,1267.83
294,482,2025-10-05 17:42:13.846396,shipped,google_pay,FREESHIP,marketplace,1029.89
295,257,2025-01-22 13:06:10.846396,delivered,credit_card,SUMMER15,marketplace,583.01
296,311,2024-12-20 05:13:13.846396,returned,paypal,,web,1369.55
297,480,2025-11-04 02:47:18.846396,delivered,google_pay,,marketplace,1907.08
298,49,2025-01-27 00:05:57.846396,shipped,bank_transfer,FREESHIP,mobile,422.97
299,192,2025-04-29 08:37:07.846396,pending,bank_transfer,,mobile,329.88
300,193,2024-12-25 07:09:54.846396,returned,apple_pay,SUMMER15,mobile,379.17
301,157,2025-10-09 08:47:38.846396,paid,bank_transfer,,marketplace,165.04
302,197,2025-10-11 15:59:58.846396,shipped,bank_transfer,,marketplace,293.13
303,103,2025-10-12 01:07:15.846396,paid,google_pay,,web,1017.74
304,115,2025-04-14 07:12:00.846396,delivered,bank_transfer,WELCOME10,marketplace,480.22
305,363,2025-11-01 06:00:56.846396,pending,apple_pay,,mobile,1388.31
306,464,2024-11-16 00:03:07.846396,shipped,paypal,WELCOME10,mobile,445.59
307,56,2025-07-12 17:50:27.846396,paid,paypal,WELCOME10,web,958.99
308,423,2025-04-06 14:31:57.846396,cancelled,google_pay,,marketplace,739.94
309,180,2024-11-25 23:06:41.846396,cancelled,paypal,,mobile,1762.53
310,306,2025-01-23 16:45:27.846396,paid,google_pay,WELCOME10,marketplace,1115.43
311,312,2025-06-18 12:26:27.846396,delivered,bank_transfer,,marketplace,381.89
312,92,2025-03-08 03:01:23.846396,cancelled,bank_transfer,,mobile,195.47
313,372,2025-03-06 06:17:34.846396,paid,bank_transfer,FREESHIP,web,841.47
314,268,2025-05-14 07:37:07.846396,delivered,apple_pay,SUMMER15,mobile,1920.35
315,46,2025-07-22 06:03:16.846396,delivered,paypal,WELCOME10,marketplace,395.25
316,162,2025-01-15 19:57:09.846396,pending,apple_pay,SUMMER15,marketplace,1706.78
317,500,2024-12-29 05:38:02.846396,pending,bank_transfer,,web,2008.58
318,358,2025-03-26 03:12:34.846396,cancelled,paypal,FREESHIP,web,1025.62
319,78,2025-02-28 03:16:31.846396,shipped,credit_card,FREESHIP,web,871.59
320,298,2025-05-28 05:07:40.846396,shipped,paypal,FREESHIP,web,655.13
321,277,2025-05-16 19:01:31.846396,pending,bank_transfer,,marketplace,1253.87
322,149,2025-10-04 23:03:28.846396,paid,paypal,,mobile,1080.99
323,181,2025-07-05 15:54:12.846396,returned,apple_pay,FREESHIP,marketplace,1628.94
324,141,2024-11-08 13:44:05.846396,pending,bank_transfer,WELCOME10,web,1151.59
325,434,2025-08-14 09:01:08.846396,cancelled,apple_pay,,mobile,2283.92
326,443,2025-03-07 21:48:53.846396,pending,credit_card,WELCOME10,mobile,1971.35
327,193,2025-09-30 09:31:34.846396,delivered,credit_card,,mobile,1205.19
328,321,2025-09-08 06:22:02.846396,pending,google_pay,,web,16.83
329,443,2025-01-18 21:27:18.846396,delivered,credit_card,,mobile,447.78
330,24,2025-03-10 07:37:39.846396,delivered,paypal,,marketplace,494.51
331,73,2024-12-20 05:54:35.846396,shipped,credit_card,,marketplace,1789.32
332,274,2025-07-24 05:19:56.846396,cancelled,credit_card,FREESHIP,mobile,2041.08
333,69,2024-11-29 09:59:39.846396,delivered,bank_transfer,SUMMER15,marketplace,1139.26
334,5,2024-11-14 23:51:06.846396,pending,bank_transfer,WELCOME10,marketplace,796.54
335,348,2025-10-09 09:43:27.846396,pending,google_pay,,mobile,634.72
336,383,2025-01-13 12:27:52.846396,shipped,google_pay,SUMMER15,marketplace,2203.93
337,244,2025-02-04 03:46:00.846396,returned,apple_pay,,web,1866.28
338,320,2025-01-14 13:08:51.846396,returned,apple_pay,,mobile,1001.71
339,276,2025-02-17 12:26:42.846396,paid,credit_card,SUMMER15,mobile,719.29
340,102,2025-07-28 01:20:57.846396,cancelled,apple_pay,SUMMER15,web,754.25
341,490,2025-10-03 17:48:29.846396,shipped,bank_transfer,,marketplace,2070.17
342,184,2025-04-24 20:47:52.846396,pending,bank_transfer,FREESHIP,mobile,561.8
343,434,2025-06-20 00:55:39.846396,shipped,paypal,FREESHIP,marketplace,1164.91
344,413,2025-07-19 00:13:29.846396,cancelled,bank_transfer,,marketplace,924.62
345,92,2025-06-11 13:43:26.846396,delivered,google_pay,WELCOME10,marketplace,903.28
346,75,2025-04-05 22:32:42.846396,pending,credit_card,SUMMER15,marketplace,427.54
347,29,2025-04-06 22:00:34.846396,delivered,google_pay,,mobile,1759.16
348,130,2025-01-31 03:00:44.846396,shipped,apple_pay,,marketplace,547.19
349,98,2025-05-06 09:14:10.846396,delivered,bank_transfer,,web,590.22
350,303,2024-12-15 10:03:41.846396,delivered,bank_transfer,,marketplace,476.31
351,362,2025-10-19 16:40:30.846396,pending,paypal,,marketplace,297.31
352,31,2025-06-18 12:07:02.846396,paid,credit_card,WELCOME10,marketplace,1651.22
353,95,2025-05-13 00:02:08.846396,delivered,google_pay,,marketplace,862.43
354,99,2025-01-24 03:13:53.846396,shipped,bank_transfer,FREESHIP,web,403.32
355,310,2025-08-26 15:51:48.846396,cancelled,bank_transfer,FREESHIP,mobile,1201.4
356,103,2025-10-04 20:59:49.846396,paid,credit_card,,marketplace,759.18
357,389,2025-02-10 05:01:11.846396,cancelled,apple_pay,,web,1112.93
358,91,2025-03-20 20:19:37.846396,returned,apple_pay,WELCOME10,marketplace,1215.86
359,216,2025-04-02 04:44:03.846396,paid,credit_card,WELCOME10,web,954.79
360,242,2025-06-25 17:08:11.846396,returned,apple_pay,,marketplace,908.75
361,330,2025-04-18 23:29:58.846396,returned,credit_card,,marketplace,985.65
362,450,2025-04-03 21:46:16.846396,paid,paypal,SUMMER15,marketplace,739.13
363,141,2025-02-28 15:16:08.846396,paid,paypal,WELCOME10,mobile,567.13
364,491,2024-11-19 23:59:24.846396,cancelled,google_pay,SUMMER15,mobile,103.22
365,312,2025-08-15 15:34:30.846396,cancelled,credit_card,,mobile,1374.28
366,371,2025-05-29 04:16:40.846396,cancelled,apple_pay,FREESHIP,marketplace,1543.09
367,496,2024-12-13 15:24:47.846396,shipped,credit_card,FREESHIP,mobile,416.49
368,107,2025-10-21 05:41:12.846396,shipped,paypal,,marketplace,1765.79
369,299,2025-09-02 17:28:31.846396,paid,apple_pay,,web,1287.92
370,207,2025-01-09 05:42:49.846396,paid,bank_transfer,WELCOME10,web,463.27
371,335,2025-04-20 19:03:33.846396,shipped,google_pay,SUMMER15,web,982.18
372,11,2025-03-14 17:59:50.846396,returned,google_pay,SUMMER15,web,2438.97
373,171,2025-09-22 21:52:32.846396,cancelled,google_pay,,marketplace,1328.01
374,220,2025-09-30 16:59:24.846396,cancelled,google_pay,WELCOME10,web,275.88
375,97,2025-10-10 09:35:12.846396,returned,google_pay,SUMMER15,marketplace,1123.86
376,199,2024-11-27 11:52:59.846396,pending,credit_card,,marketplace,826.14
377,403,2025-03-22 10:33:25.846396,paid,google_pay,FREESHIP,marketplace,1905.11
378,116,2025-09-29 11:57:10.846396,delivered,google_pay,SUMMER15,marketplace,1304.83
379,349,2025-04-10 04:26:01.846396,paid,apple_pay,SUMMER15,mobile,1091.45
380,407,2024-12-13 13:01:53.846396,paid,apple_pay,FREESHIP,mobile,953.68
381,315,2025-07-01 18:16:42.846396,shipped,google_pay,WELCOME10,mobile,808.3
382,301,2025-04-18 23:25:29.846396,delivered,paypal,SUMMER15,marketplace,291.66
383,201,2025-08-20 14:42:58.846396,shipped,paypal,FREESHIP,web,157.88
384,209,2025-03-23 03:13:10.846396,paid,paypal,,web,550.34
385,432,2025-04-04 00:50:12.846396,cancelled,apple_pay,WELCOME10,web,1024.07
386,477,2025-04-23 07:52:59.846396,returned,bank_transfer,WELCOME10,web,1386.81
387,231,2025-07-20 05:35:27.846396,delivered,apple_pay,SUMMER15,mobile,1107.36
388,99,2024-11-17 14:07:43.846396,delivered,google_pay,FREESHIP,web,1648.98
389,49,2025-02-25 08:05:21.846396,shipped,credit_card,,mobile,1151.47
390,41,2025-07-18 08:36:18.846396,returned,apple_pay,SUMMER15,marketplace,88.46
391,273,2024-11-10 14:45:50.846396,delivered,paypal,SUMMER15,marketplace,48.4
392,11,2025-05-13 01:31:56.846396,shipped,credit_card,FREESHIP,web,897.06
393,472,2025-08-25 07:18:19.846396,paid,bank_transfer,,mobile,114.11
394,457,2024-12-14 00:55:00.846396,cancelled,apple_pay,,mobile,542.81
395,203,2025-09-22 09:05:51.846396,pending,paypal,,mobile,856.55
396,291,2025-05-16 23:11:45.846396,cancelled,bank_transfer,WELCOME10,web,436.06
397,60,2025-09-11 05:23:12.846396,delivered,google_pay,,web,525.89
398,194,2024-11-25 15:50:22.846396,returned,bank_transfer,FREESHIP,marketplace,310.23
399,341,2025-06-27 16:16:22.846396,cancelled,google_pay,WELCOME10,mobile,148.81
400,33,2025-09-15 22:26:51.846396,paid,apple_pay,,marketplace,1255.46
401,255,2025-04-09 08:28:01.846396,shipped,google_pay,,marketplace,729.75
402,489,2025-07-15 07:20:44.846396,shipped,apple_pay,,mobile,700.65
403,194,2025-04-24 14:50:27.846396,delivered,google_pay,SUMMER15,marketplace,1856.99
404,84,2025-10-25 09:45:39.846396,pending,google_pay,FREESHIP,mobile,83.12
405,44,2025-10-08 07:54:42.846396,cancelled,paypal,,web,208.16
406,452,2025-09-01 04:20:34.846396,paid,google_pay,,marketplace,1724.37
407,367,2025-09-20 00:41:33.846396,paid,paypal,,marketplace,876.54
408,472,2025-10-30 14:51:05.846396,paid,credit_card,FREESHIP,mobile,1360.77
409,119,2025-06-08 16:21:49.846396,delivered,paypal,FREESHIP,marketplace,2081.23
410,213,2025-09-16 04:01:15.846396,returned,credit_card,,web,965.65
411,8,2025-07-29 18:23:57.846396,cancelled,bank_transfer,,mobile,721.05
412,49,2025-08-03 00:34:12.846396,shipped,paypal,FREESHIP,marketplace,165.44
413,440,2025-05-01 06:44:22.846396,shipped,bank_transfer,,mobile,1182.96
414,190,2025-02-12 19:49:32.846396,shipped,google_pay,SUMMER15,web,1244.6
415,437,2025-04-07 21:22:21.846396,returned,paypal,,marketplace,839.61
416,331,2025-07-14 22:23:36.846396,delivered,bank_transfer,,marketplace,654.27
417,89,2025-03-26 21:19:42.846396,pending,google_pay,,marketplace,811.29
418,375,2025-05-20 01:12:53.846396,shipped,paypal,SUMMER15,web,475.84
419,315,2025-04-02 13:43:39.846396,shipped,apple_pay,,mobile,550.86
420,497,2025-07-09 18:38:28.846396,paid,google_pay,SUMMER15,marketplace,1752.07
421,289,2025-10-28 20:44:22.846396,paid,credit_card,,marketplace,1447.05
422,456,2025-09-02 19:33:44.846396,paid,credit_card,,marketplace,946.08
423,252,2025-03-02 10:04:37.846396,paid,credit_card,,mobile,835.3
424,17,2025-04-25 04:02:59.846396,pending,paypal,,marketplace,529.06
425,354,2025-01-26 01:39:55.846396,returned,apple_pay,FREESHIP,marketplace,1937.58
426,457,2025-02-16 21:18:30.846396,shipped,bank_transfer,,web,233.86
427,366,2024-12-22 10:35:59.846396,cancelled,paypal,,marketplace,499.54
428,222,2024-11-25 17:13:27.846396,delivered,paypal,,mobile,508.52
429,329,2025-07-17 17:38:01.846396,returned,bank_transfer,,web,975.69
430,493,2025-04-08 07:31:44.846396,cancelled,credit_card,SUMMER15,mobile,778.68
431,155,2025-06-27 10:11:59.846396,cancelled,google_pay,FREESHIP,web,1144.25
432,319,2025-07-23 03:53:25.846396,shipped,paypal,,mobile,1584.33
433,72,2025-01-29 03:33:31.846396,returned,bank_transfer,,web,117.65
434,139,2024-11-13 23:07:26.846396,shipped,google_pay,,web,465.28
435,129,2025-02-04 09:05:40.846396,returned,apple_pay,FREESHIP,marketplace,299.22
436,343,2025-04-22 14:00:29.846396,delivered,credit_card,WELCOME10,web,250.62
437,308,2025-07-08 22:37:56.846396,paid,credit_card,SUMMER15,mobile,660.3
438,281,2025-03-07 03:06:55.846396,shipped,bank_transfer,SUMMER15,marketplace,1054.79
439,101,2025-08-26 11:15:59.846396,shipped,bank_transfer,,web,832.78
440,496,2024-12-07 15:09:16.846396,delivered,bank_transfer,WELCOME10,mobile,470.12
441,401,2025-10-24 05:08:47.846396,returned,bank_transfer,,web,1396.96
442,21,2025-09-29 21:35:32.846396,shipped,google_pay,WELCOME10,web,1245.85
443,149,2025-01-14 04:15:37.846396,paid,apple_pay,,marketplace,148.66
444,249,2025-05-17 01:59:26.846396,returned,google_pay,FREESHIP,marketplace,1268.1
445,293,2025-10-12 18:48:08.846396,paid,google_pay,,marketplace,533.72
446,55,2025-06-23 06:04:49.846396,returned,bank_transfer,,marketplace,773.29
447,421,2025-01-02 13:05:55.846396,cancelled,google_pay,WELCOME10,marketplace,1074.57
448,347,2025-08-07 16:18:22.846396,paid,bank_transfer,,mobile,1197.52
449,231,2025-01-04 18:19:43.846396,returned,google_pay,FREESHIP,web,1728.26
450,455,2025-07-26 03:04:11.846396,pending,apple_pay,WELCOME10,marketplace,121.74
451,367,2025-06-07 03:28:54.846396,cancelled,credit_card,,mobile,457.03
452,477,2025-10-16 22:04:13.846396,returned,credit_card,FREESHIP,mobile,620.7
453,430,2024-11-07 18:47:01.846396,cancelled,credit_card,,mobile,908.42
454,200,2025-05-01 13:10:18.846396,cancelled,credit_card,,mobile,1391.66
455,56,2024-11-22 21:18:10.846396,delivered,paypal,WELCOME10,marketplace,574.0
456,400,2025-10-03 02:09:18.846396,shipped,apple_pay,FREESHIP,mobile,351.08
457,66,2025-05-17 13:46:19.846396,returned,google_pay,WELCOME10,marketplace,1335.96
458,130,2025-05-03 15:10:10.846396,paid,google_pay,FREESHIP,marketplace,250.47
459,436,2025-01-10 18:57:29.846396,pending,credit_card,SUMMER15,mobile,160.32
460,105,2025-10-17 06:40:22.846396,delivered,google_pay,FREESHIP,web,1340.59
461,44,2025-03-13 03:37:16.846396,shipped,paypal,SUMMER15,web,1931.06
462,296,2025-01-02 12:01:23.846396,returned,apple_pay,,web,501.37
463,407,2025-03-09 18:21:12.846396,pending,credit_card,,web,470.67
464,385,2025-06-23 08:36:53.846396,returned,credit_card,WELCOME10,marketplace,734.2
465,284,2024-11-29 01:29:46.846396,delivered,paypal,,web,72.0
466,347,2024-12-04 15:57:08.846396,cancelled,bank_transfer,WELCOME10,marketplace,116.44
467,23,2025-08-27 22:27:40.846396,cancelled,google_pay,,mobile,1583.53
468,137,2025-03-07 21:50:13.846396,paid,google_pay,WELCOME10,mobile,1404.46
469,181,2025-04-08 20:52:05.846396,pending,google_pay,,marketplace,282.61
470,296,2025-02-04 09:38:31.846396,returned,apple_pay,,mobile,644.85
471,242,2024-11-30 23:23:24.846396,returned,apple_pay,,mobile,227.11
472,433,2025-10-29 02:00:29.846396,delivered,paypal,SUMMER15,mobile,1409.5
473,443,2025-02-09 06:26:08.846396,delivered,paypal,WELCOME10,mobile,2020.45
474,100,2025-11-03 16:06:21.846396,delivered,credit_card,,mobile,1128.13
475,151,2025-06-08 07:08:25.846396,cancelled,paypal,FREESHIP,web,1340.79
476,306,2025-03-16 18:15:12.846396,shipped,credit_card,FREESHIP,mobile,568.11
477,358,2024-12-24 06:21:07.846396,returned,paypal,,mobile,393.16
478,1,2025-05-19 08:52:35.846396,cancelled,credit_card,,web,720.0
479,472,2025-09-03 07:11:50.846396,paid,apple_pay,WELCOME10,mobile,521.7
480,288,2025-04-10 11:24:30.846396,paid,paypal,,web,499.04
481,435,2025-07-09 19:40:58.846396,returned,google_pay,,web,2013.58
482,318,2025-05-28 19:33:50.846396,cancelled,bank_transfer,SUMMER15,mobile,1433.4
483,176,2025-07-03 06:16:47.846396,returned,bank_transfer,SUMMER15,mobile,869.92
484,126,2025-05-10 05:31:16.846396,delivered,apple_pay,,marketplace,458.62
485,196,2025-07-04 22:30:34.846396,paid,bank_transfer,SUMMER15,mobile,338.06
486,226,2024-11-30 07:19:52.846396,paid,paypal,,mobile,2019.45
487,83,2025-08-17 08:06:51.846396,cancelled,apple_pay,SUMMER15,web,808.0
488,398,2025-02-14 22:51:37.846396,paid,apple_pay,,web,1958.55
489,337,2025-07-20 06:53:54.846396,returned,bank_transfer,SUMMER15,mobile,1694.7
490,110,2025-10-01 04:42:44.846396,delivered,paypal,,mobile,75.86
491,96,2025-01-31 15:56:45.846396,returned,google_pay,FREESHIP,web,1320.04
492,313,2025-08-11 10:13:04.846396,pending,google_pay,,web,100.85
493,54,2025-10-14 12:36:59.846396,pending,apple_pay,WELCOME10,marketplace,1671.87
494,66,2025-03-04 13:19:29.846396,returned,paypal,,web,122.35
495,141,2025-07-23 03:27:11.846396,shipped,credit_card,,marketplace,806.04
496,144,2025-10-14 09:17:49.846396,delivered,apple_pay,,web,254.74
497,276,2025-08-06 06:56:06.846396,delivered,credit_card,,marketplace,240.64
498,448,2025-03-27 06:21:21.846396,shipped,credit_card,,marketplace,1029.86
499,154,2025-10-18 02:31:37.846396,paid,credit_card,,marketplace,8.87
500,14,2025-01-21 19:37:25.846396,paid,google_pay,,mobile,1066.81
501,115,2025-05-06 20:34:59.846396,delivered,credit_card,SUMMER15,mobile,856.68
502,322,2025-06-30 07:25:16.846396,paid,paypal,SUMMER15,marketplace,587.59
503,120,2024-12-18 10:39:07.846396,returned,credit_card,,mobile,62.05
504,378,2025-05-20 00:34:57.846396,cancelled,apple_pay,,marketplace,1370.13
505,372,2024-11-10 17:05:24.846396,pending,apple_pay,FREESHIP,marketplace,171.47
506,62,2025-04-25 07:27:08.846396,pending,google_pay,,web,342.6
507,118,2025-02-23 07:29:10.846396,delivered,bank_transfer,,web,197.63
508,350,2025-10-22 21:03:30.846396,cancelled,google_pay,,web,991.78
509,97,2025-02-05 22:18:01.846396,pending,paypal,,web,614.49
510,219,2025-11-06 01:21:06.846396,pending,bank_transfer,WELCOME10,marketplace,1268.99
511,83,2025-03-10 07:28:58.846396,delivered,google_pay,SUMMER15,mobile,882.93
512,269,2025-01-16 13:42:20.846396,cancelled,bank_transfer,,web,1322.62
513,189,2025-06-17 19:18:08.846396,pending,bank_transfer,,marketplace,359.27
514,280,2025-09-07 01:17:37.846396,shipped,credit_card,,mobile,342.01
515,215,2025-06-25 04:42:45.846396,paid,bank_transfer,,mobile,1091.41
516,221,2025-06-15 17:36:46.846396,returned,google_pay,,mobile,193.22
517,237,2024-12-20 09:22:24.846396,shipped,paypal,,web,793.3
518,458,2024-12-18 20:36:24.846396,paid,apple_pay,,marketplace,421.24
519,172,2025-01-24 01:02:09.846396,shipped,bank_transfer,,web,665.96
520,299,2024-11-08 22:04:26.846396,delivered,bank_transfer,SUMMER15,web,795.99
521,442,2025-01-12 14:01:43.846396,paid,apple_pay,FREESHIP,marketplace,1156.29
522,212,2025-08-18 05:30:27.846396,delivered,credit_card,,web,1298.74
523,456,2025-05-07 07:01:43.846396,pending,google_pay,,mobile,705.04
524,116,2025-05-22 11:17:58.846396,shipped,apple_pay,FREESHIP,web,319.2
525,316,2025-08-19 19:41:17.846396,cancelled,google_pay,WELCOME10,marketplace,1265.37
526,358,2025-05-19 17:01:17.846396,paid,bank_transfer,SUMMER15,mobile,1884.0
527,437,2025-07-16 16:09:48.846396,pending,paypal,FREESHIP,mobile,114.86
528,361,2025-06-09 21:45:50.846396,delivered,credit_card,SUMMER15,mobile,696.53
529,293,2025-03-13 09:36:25.846396,delivered,google_pay,,web,1552.85
530,324,2025-06-28 14:44:42.846396,paid,bank_transfer,,mobile,1067.17
531,46,2025-04-26 09:25:50.846396,delivered,bank_transfer,FREESHIP,mobile,683.42
532,145,2025-06-15 10:33:13.846396,cancelled,paypal,SUMMER15,mobile,550.83
533,484,2025-09-10 18:09:47.846396,delivered,bank_transfer,WELCOME10,mobile,373.6
534,456,2025-04-18 21:27:41.846396,returned,apple_pay,,web,1001.15
535,108,2025-04-22 00:32:31.846396,shipped,apple_pay,SUMMER15,web,1731.15
536,403,2025-08-21 18:07:29.846396,cancelled,google_pay,WELCOME10,marketplace,809.01
537,29,2025-08-14 11:49:48.846396,returned,apple_pay,,web,1028.19
538,342,2025-06-18 21:27:26.846396,returned,credit_card,FREESHIP,marketplace,1220.9
539,88,2025-07-19 15:55:03.846396,returned,bank_transfer,WELCOME10,mobile,787.17
540,55,2025-10-09 16:27:44.846396,returned,apple_pay,FREESHIP,web,224.09
541,499,2025-06-24 08:37:13.846396,delivered,google_pay,FREESHIP,marketplace,1948.31
542,237,2025-07-24 02:04:48.846396,cancelled,credit_card,SUMMER15,marketplace,1160.0
543,493,2025-08-08 08:28:14.846396,returned,credit_card,,web,1150.21
544,405,2025-10-08 23:46:32.846396,paid,google_pay,,marketplace,861.94
545,140,2025-10-03 10:23:50.846396,delivered,bank_transfer,FREESHIP,web,1247.95
546,268,2024-11-11 14:26:25.846396,shipped,paypal,,marketplace,826.13
547,64,2025-07-30 07:09:58.846396,cancelled,google_pay,WELCOME10,mobile,1184.49
548,102,2025-05-17 01:05:27.846396,delivered,google_pay,,marketplace,544.88
549,389,2025-01-22 23:24:36.846396,pending,apple_pay,,mobile,1058.14
550,217,2025-06-06 13:58:34.846396,pending,paypal,SUMMER15,mobile,833.35
551,26,2025-05-01 03:25:42.846396,paid,google_pay,FREESHIP,mobile,1789.92
552,182,2025-07-07 14:24:16.846396,delivered,apple_pay,SUMMER15,web,1193.89
553,298,2025-04-08 12:28:37.846396,returned,credit_card,,mobile,199.12
554,29,2025-10-03 14:49:55.846396,returned,paypal,,web,16.94
555,176,2025-07-28 17:12:06.846396,cancelled,paypal,SUMMER15,marketplace,1543.62
556,351,2025-06-13 03:40:23.846396,paid,apple_pay,,web,754.19
557,321,2025-02-10 10:10:09.846396,returned,apple_pay,FREESHIP,web,1356.45
558,78,2025-09-16 18:02:04.846396,delivered,google_pay,FREESHIP,mobile,863.85
559,349,2024-11-08 18:40:14.846396,paid,bank_transfer,,web,1012.69
560,406,2025-08-28 14:33:17.846396,cancelled,paypal,SUMMER15,mobile,872.62
561,315,2025-02-15 03:30:33.846396,pending,bank_transfer,,mobile,649.35
562,87,2025-08-04 10:07:10.846396,shipped,google_pay,FREESHIP,marketplace,2400.16
563,478,2025-05-26 08:13:20.846396,pending,bank_transfer,SUMMER15,mobile,289.04
564,427,2025-09-18 17:07:54.846396,returned,bank_transfer,,marketplace,239.41
565,229,2024-12-19 15:43:37.846396,shipped,credit_card,WELCOME10,mobile,705.39
566,196,2025-01-04 17:30:53.846396,shipped,paypal,,mobile,914.38
567,221,2025-06-09 08:33:55.846396,paid,google_pay,FREESHIP,mobile,439.92
568,334,2025-02-10 04:34:09.846396,returned,google_pay,,marketplace,1227.12
569,400,2025-02-03 07:03:14.846396,paid,apple_pay,SUMMER15,web,324.76
570,56,2025-02-09 22:18:13.846396,delivered,google_pay,,mobile,639.42
571,268,2024-11-11 04:29:39.846396,paid,paypal,FREESHIP,marketplace,768.49
572,367,2025-07-23 10:37:40.846396,delivered,apple_pay,,mobile,325.45
573,299,2025-06-07 03:00:37.846396,delivered,paypal,,marketplace,1381.69
574,117,2024-11-21 18:52:46.846396,shipped,credit_card,SUMMER15,web,819.37
575,374,2025-08-08 21:21:37.846396,paid,apple_pay,,marketplace,2127.03
576,483,2025-07-18 06:51:54.846396,cancelled,credit_card,,web,1409.6
577,362,2025-03-24 06:37:27.846396,shipped,google_pay,,marketplace,1300.52
578,340,2025-06-20 06:44:32.846396,paid,apple_pay,,marketplace,388.53
579,448,2025-10-06 19:51:45.846396,shipped,credit_card,FREESHIP,mobile,1761.75
580,464,2025-05-03 14:01:02.846396,delivered,credit_card,WELCOME10,web,288.0
581,58,2025-09-03 23:36:58.846396,returned,google_pay,,mobile,1036.81
582,66,2025-01-30 09:17:01.846396,paid,paypal,WELCOME10,web,570.4
583,277,2025-08-24 23:37:23.846396,cancelled,bank_transfer,,marketplace,284.72
584,255,2025-01-31 22:38:02.846396,returned,bank_transfer,SUMMER15,marketplace,333.47
585,441,2025-03-23 05:34:46.846396,returned,credit_card,WELCOME10,mobile,548.38
586,425,2024-12-06 20:56:50.846396,returned,paypal,,web,722.43
587,347,2025-03-13 16:10:29.846396,returned,bank_transfer,WELCOME10,marketplace,855.72
588,346,2025-05-27 04:40:15.846396,paid,google_pay,,mobile,1213.83
589,339,2025-09-24 01:55:54.846396,delivered,apple_pay,,marketplace,281.13
590,471,2024-12-24 01:31:03.846396,cancelled,bank_transfer,,mobile,1381.25
591,260,2025-06-27 04:37:09.846396,shipped,google_pay,,marketplace,326.19
592,43,2024-12-24 03:32:30.846396,returned,bank_transfer,,marketplace,1159.24
593,32,2025-05-28 18:46:52.846396,delivered,paypal,FREESHIP,mobile,697.78
594,475,2025-04-20 21:10:32.846396,shipped,google_pay,,web,1258.04
595,259,2025-08-23 04:31:15.846396,shipped,credit_card,,web,1347.73
596,410,2025-09-23 03:34:59.846396,pending,credit_card,WELCOME10,mobile,1605.52
597,108,2025-06-27 10:52:29.846396,delivered,paypal,,web,436.37
598,374,2025-10-04 21:50:27.846396,paid,bank_transfer,,marketplace,1405.37
599,154,2025-05-09 19:58:00.846396,pending,bank_transfer,,marketplace,1281.03
600,323,2025-01-29 12:44:08.846396,delivered,bank_transfer,,marketplace,264.44
601,316,2025-03-06 02:28:41.846396,returned,credit_card,,web,1514.99
602,414,2024-11-06 18:37:14.846396,delivered,credit_card,WELCOME10,marketplace,454.94
603,62,2025-03-02 05:45:45.846396,returned,apple_pay,,web,811.93
604,157,2025-10-28 23:21:33.846396,pending,apple_pay,,web,1408.61
605,358,2025-07-08 13:25:44.846396,paid,apple_pay,,marketplace,731.51
606,214,2024-12-28 14:36:27.846396,shipped,bank_transfer,SUMMER15,web,1954.33
607,99,2025-05-20 15:41:52.846396,returned,paypal,,marketplace,338.41
608,180,2025-08-21 11:09:31.846396,cancelled,paypal,FREESHIP,mobile,211.88
609,19,2025-02-24 09:43:04.846396,returned,paypal,FREESHIP,marketplace,1438.69
610,235,2025-10-24 02:57:25.846396,paid,credit_card,,web,1039.07
611,238,2025-01-09 08:18:57.846396,returned,apple_pay,SUMMER15,mobile,467.76
612,221,2025-04-16 15:56:28.846396,paid,bank_transfer,,web,247.68
613,321,2025-03-14 06:59:55.846396,cancelled,google_pay,,marketplace,634.93
614,463,2025-03-31 11:49:36.846396,returned,bank_transfer,WELCOME10,marketplace,658.96
615,205,2025-09-13 05:24:05.846396,paid,apple_pay,SUMMER15,marketplace,1617.22
616,263,2024-12-03 19:33:51.846396,delivered,apple_pay,,web,860.0
617,53,2025-07-20 10:04:55.846396,cancelled,credit_card,,web,1270.45
618,275,2025-05-09 22:22:21.846396,paid,apple_pay,,mobile,33.03
619,101,2025-05-13 06:44:33.846396,returned,paypal,FREESHIP,web,1274.08
620,174,2024-11-15 08:14:07.846396,pending,credit_card,SUMMER15,web,1267.38
621,359,2024-11-26 13:03:06.846396,delivered,google_pay,SUMMER15,marketplace,1057.82
622,62,2025-11-06 05:05:34.846396,delivered,apple_pay,,mobile,1143.04
623,432,2024-12-19 10:10:17.846396,cancelled,google_pay,,web,970.26
624,298,2025-03-28 13:53:38.846396,shipped,credit_card,,web,651.44
625,116,2025-01-25 06:22:46.846396,shipped,apple_pay,,marketplace,1461.69
626,453,2025-10-05 10:16:00.846396,pending,bank_transfer,,mobile,107.84
627,371,2025-03-08 12:57:30.846396,paid,credit_card,FREESHIP,web,958.14
628,3,2025-06-27 09:08:35.846396,cancelled,credit_card,SUMMER15,marketplace,780.64
629,69,2025-10-08 17:14:43.846396,pending,credit_card,,web,1128.42
630,165,2025-10-31 11:15:48.846396,paid,apple_pay,SUMMER15,marketplace,391.72
631,424,2025-07-28 20:17:21.846396,paid,bank_transfer,WELCOME10,marketplace,1609.14
632,114,2025-03-23 15:08:54.846396,pending,bank_transfer,FREESHIP,mobile,1858.65
633,359,2025-08-01 13:10:32.846396,shipped,google_pay,,web,294.8
634,418,2025-07-19 03:25:24.846396,cancelled,bank_transfer,,mobile,475.3
635,135,2025-08-23 16:55:34.846396,shipped,paypal,SUMMER15,web,1509.81
636,307,2025-08-26 15:02:58.846396,paid,google_pay,,web,965.27
637,369,2024-11-12 19:45:14.846396,pending,apple_pay,SUMMER15,mobile,557.94
638,269,2025-01-21 17:21:57.846396,pending,google_pay,,marketplace,346.45
639,475,2025-10-08 02:07:08.846396,paid,bank_transfer,WELCOME10,mobile,471.53
640,46,2025-04-18 20:43:35.846396,pending,google_pay,SUMMER15,web,1402.35
641,459,2025-07-21 12:46:04.846396,paid,paypal,,web,1698.47
642,37,2025-05-30 13:21:35.846396,delivered,bank_transfer,SUMMER15,mobile,330.31
643,284,2024-12-21 06:59:15.846396,delivered,credit_card,SUMMER15,web,313.99
644,19,2025-04-05 07:22:40.846396,shipped,google_pay,WELCOME10,mobile,1173.32
645,329,2025-05-14 08:23:35.846396,delivered,paypal,,marketplace,1225.11
646,200,2025-03-11 16:19:56.846396,pending,apple_pay,,web,488.99
647,76,2025-08-10 23:27:47.846396,returned,credit_card,SUMMER15,web,1219.17
648,455,2025-10-09 00:33:00.846396,returned,bank_transfer,,web,955.68
649,141,2025-08-04 19:31:18.846396,delivered,apple_pay,,web,270.11
650,122,2025-11-05 21:02:18.846396,pending,credit_card,WELCOME10,marketplace,121.31
651,164,2025-06-06 00:24:44.846396,delivered,credit_card,,web,328.61
652,420,2025-07-22 15:42:40.846396,returned,apple_pay,,marketplace,522.47
653,203,2025-08-23 13:07:04.846396,delivered,paypal,WELCOME10,mobile,575.37
654,343,2025-03-19 22:19:09.846396,delivered,bank_transfer,SUMMER15,mobile,897.72
655,377,2025-03-25 19:21:20.846396,pending,paypal,WELCOME10,marketplace,174.04
656,152,2024-12-31 16:30:30.846396,pending,paypal,FREESHIP,mobile,825.35
657,63,2025-04-16 01:39:03.846396,pending,google_pay,SUMMER15,web,1089.52
658,410,2025-06-25 22:04:31.846396,delivered,bank_transfer,,web,478.31
659,241,2025-01-25 21:55:35.846396,returned,google_pay,,web,1136.04
660,188,2025-04-22 16:15:02.846396,pending,paypal,SUMMER15,mobile,230.35
661,304,2025-07-26 12:37:57.846396,returned,bank_transfer,SUMMER15,web,46.33
662,63,2024-11-22 01:34:25.846396,delivered,google_pay,,marketplace,360.98
663,429,2025-03-13 14:17:56.846396,delivered,credit_card,WELCOME10,web,1177.03
664,55,2024-11-12 13:05:44.846396,paid,paypal,WELCOME10,mobile,966.76
665,307,2025-05-16 09:47:55.846396,returned,credit_card,,marketplace,910.61
666,414,2025-03-18 13:34:49.846396,pending,credit_card,WELCOME10,marketplace,1268.23
667,119,2025-06-21 15:32:21.846396,pending,bank_transfer,,web,796.24
668,156,2025-06-30 12:41:38.846396,paid,google_pay,FREESHIP,marketplace,466.66
669,484,2025-05-28 04:54:49.846396,pending,apple_pay,,mobile,540.02
670,388,2025-02-02 23:44:13.846396,paid,paypal,SUMMER15,mobile,600.54
671,272,2025-06-22 16:15:42.846396,pending,google_pay,,marketplace,162.02
672,434,2025-03-12 10:25:01.846396,shipped,apple_pay,FREESHIP,marketplace,2028.12
673,195,2025-07-09 13:04:13.846396,pending,bank_transfer,FREESHIP,web,1397.4
674,343,2025-06-08 18:06:44.846396,returned,google_pay,WELCOME10,marketplace,621.24
675,208,2025-08-11 11:33:40.846396,delivered,bank_transfer,FREESHIP,marketplace,1090.04
676,493,2025-07-12 23:22:34.846396,cancelled,google_pay,SUMMER15,mobile,328.82
677,351,2025-03-24 17:23:49.846396,pending,bank_transfer,,web,479.32
678,229,2024-11-21 21:04:43.846396,pending,apple_pay,,mobile,1252.46
679,397,2025-09-01 19:19:29.846396,paid,credit_card,WELCOME10,marketplace,208.12
680,131,2025-03-09 20:33:15.846396,cancelled,credit_card,WELCOME10,marketplace,509.85
681,347,2025-05-23 23:46:05.846396,paid,paypal,WELCOME10,marketplace,93.74
682,119,2025-04-17 23:54:47.846396,cancelled,credit_card,,marketplace,984.95
683,410,2025-05-06 07:31:04.846396,cancelled,paypal,,web,826.14
684,86,2025-07-17 06:35:18.846396,shipped,paypal,FREESHIP,web,1002.13
685,393,2024-12-22 12:53:43.846396,paid,google_pay,WELCOME10,web,1353.87
686,121,2025-08-03 04:15:11.846396,pending,bank_transfer,,web,921.34
687,11,2025-01-11 23:15:24.846396,returned,paypal,SUMMER15,web,1313.6
688,191,2024-11-17 16:13:41.846396,cancelled,paypal,,marketplace,37.99
689,185,2025-05-11 13:29:27.846396,shipped,apple_pay,,web,92.37
690,488,2025-04-27 21:50:13.846396,shipped,paypal,WELCOME10,marketplace,1510.3
691,38,2025-06-18 10:07:30.846396,delivered,bank_transfer,WELCOME10,marketplace,177.12
692,49,2025-08-21 09:11:41.846396,shipped,paypal,,marketplace,1721.85
693,455,2025-02-04 00:37:36.846396,shipped,bank_transfer,WELCOME10,web,1088.03
694,376,2024-11-07 07:42:23.846396,delivered,google_pay,,web,738.73
695,492,2025-09-10 22:26:10.846396,cancelled,paypal,,marketplace,1752.86
696,177,2024-12-30 04:54:56.846396,paid,bank_transfer,,web,1340.96
697,296,2025-03-07 23:28:38.846396,shipped,paypal,,web,24.34
698,446,2025-11-04 10:07:09.846396,returned,bank_transfer,FREESHIP,web,423.58
699,392,2025-03-21 18:29:04.846396,paid,credit_card,SUMMER15,mobile,541.51
700,120,2024-12-31 10:53:48.846396,pending,apple_pay,FREESHIP,marketplace,2130.74
701,322,2025-06-08 16:54:23.846396,delivered,apple_pay,FREESHIP,mobile,2127.1
702,393,2025-08-13 00:30:58.846396,pending,apple_pay,,marketplace,1505.74
703,61,2025-10-23 19:03:48.846396,paid,apple_pay,,web,768.61
704,18,2025-04-05 11:34:52.846396,shipped,bank_transfer,,web,568.39
705,117,2025-04-30 17:02:37.846396,delivered,paypal,,web,1034.84
706,490,2025-08-13 14:14:24.846396,shipped,google_pay,,mobile,511.85
707,214,2025-11-01 11:58:43.846396,delivered,paypal,,mobile,1405.92
708,15,2025-01-25 12:48:00.846396,pending,bank_transfer,WELCOME10,web,297.19
709,363,2025-06-04 07:01:29.846396,returned,google_pay,SUMMER15,marketplace,421.74
710,436,2025-03-30 21:40:41.846396,paid,credit_card,,mobile,778.07
711,158,2025-08-26 06:51:46.846396,delivered,paypal,,mobile,359.87
712,315,2024-11-08 02:25:08.846396,pending,bank_transfer,,marketplace,667.23
713,118,2025-09-10 04:20:18.846396,paid,credit_card,,web,699.39
714,483,2025-02-02 10:05:09.846396,shipped,credit_card,FREESHIP,web,674.24
715,458,2025-04-13 01:19:17.846396,delivered,apple_pay,,mobile,1414.34
716,157,2024-12-23 10:13:11.846396,cancelled,apple_pay,WELCOME10,mobile,2061.09
717,368,2025-05-21 00:17:59.846396,paid,apple_pay,,mobile,1001.72
718,121,2025-06-20 03:46:57.846396,shipped,paypal,SUMMER15,marketplace,952.3
719,73,2024-12-07 16:21:09.846396,returned,credit_card,,marketplace,1106.69
720,374,2025-05-02 06:33:49.846396,delivered,google_pay,WELCOME10,marketplace,53.34
721,283,2024-12-08 00:56:39.846396,cancelled,apple_pay,,marketplace,197.49
722,365,2025-07-08 07:42:07.846396,paid,apple_pay,SUMMER15,web,909.13
723,126,2025-05-27 12:06:52.846396,cancelled,google_pay,,marketplace,1256.09
724,239,2025-10-19 09:26:01.846396,paid,credit_card,FREESHIP,web,830.39
725,314,2025-01-30 18:33:53.846396,paid,paypal,,mobile,343.21
726,459,2024-12-17 02:42:08.846396,paid,paypal,,mobile,867.36
727,430,2025-04-18 13:17:24.846396,pending,apple_pay,,mobile,162.56
728,86,2025-08-15 22:43:27.846396,shipped,google_pay,FREESHIP,web,1102.32
729,373,2025-10-31 09:32:06.846396,cancelled,google_pay,FREESHIP,web,643.49
730,146,2025-06-06 16:17:54.846396,paid,google_pay,,marketplace,556.4
731,360,2024-12-27 14:41:46.846396,cancelled,credit_card,SUMMER15,marketplace,591.16
732,7,2025-05-02 01:48:37.846396,shipped,apple_pay,,mobile,255.28
733,291,2025-08-26 09:01:18.846396,delivered,credit_card,WELCOME10,mobile,1867.2
734,127,2025-05-31 16:05:16.846396,cancelled,google_pay,,marketplace,445.92
735,411,2025-05-30 12:15:44.846396,delivered,bank_transfer,,web,1315.29
736,490,2024-12-02 04:09:08.846396,shipped,bank_transfer,,mobile,235.27
737,77,2025-04-10 22:10:17.846396,shipped,apple_pay,,marketplace,1186.46
738,32,2024-12-26 19:08:59.846396,paid,bank_transfer,,mobile,455.71
739,309,2025-04-19 20:39:34.846396,returned,apple_pay,,marketplace,1255.41
740,83,2024-12-21 17:41:34.846396,delivered,paypal,FREESHIP,marketplace,910.01
741,232,2025-07-13 05:39:19.846396,shipped,credit_card,,web,738.24
742,402,2024-12-09 22:10:40.846396,returned,google_pay,FREESHIP,web,1158.99
743,40,2025-08-02 07:33:18.846396,pending,paypal,WELCOME10,web,1107.97
744,188,2024-12-05 19:56:02.846396,pending,apple_pay,,mobile,1227.29
745,417,2025-11-01 18:05:58.846396,shipped,bank_transfer,FREESHIP,marketplace,501.89
746,374,2025-05-29 09:59:05.846396,pending,credit_card,WELCOME10,mobile,533.12
747,195,2025-07-15 08:28:43.846396,delivered,paypal,FREESHIP,marketplace,1897.57
748,30,2025-08-15 23:35:04.846396,shipped,paypal,SUMMER15,marketplace,493.75
749,108,2025-10-24 14:08:28.846396,shipped,credit_card,FREESHIP,web,90.96
750,334,2025-01-29 07:41:08.846396,paid,paypal,,web,1257.93
751,441,2025-10-18 18:22:37.846396,shipped,apple_pay,,web,150.8
752,334,2025-10-21 11:10:27.846396,delivered,paypal,,web,238.47
753,470,2025-09-09 11:09:30.846396,paid,bank_transfer,,mobile,179.44
754,322,2025-11-06 10:15:06.846396,shipped,apple_pay,FREESHIP,mobile,507.08
755,31,2025-06-29 20:01:30.846396,paid,apple_pay,SUMMER15,marketplace,651.82
756,464,2025-07-31 09:33:18.846396,delivered,google_pay,,web,500.01
757,405,2025-07-26 00:28:32.846396,cancelled,google_pay,,mobile,802.33
758,98,2025-04-07 14:47:10.846396,delivered,credit_card,SUMMER15,mobile,2008.63
759,120,2025-09-29 22:41:17.846396,shipped,bank_transfer,,marketplace,329.09
760,30,2025-10-05 21:43:44.846396,paid,paypal,,web,95.77
761,361,2024-12-06 08:41:48.846396,delivered,bank_transfer,,web,358.42
762,124,2024-11-20 10:42:45.846396,delivered,bank_transfer,SUMMER15,mobile,2411.52
763,178,2025-06-02 00:59:12.846396,returned,credit_card,,marketplace,471.26
764,477,2025-08-25 17:45:53.846396,shipped,paypal,,marketplace,995.33
765,488,2025-09-29 04:10:16.846396,returned,bank_transfer,,mobile,1691.49
766,24,2025-02-02 10:47:35.846396,cancelled,paypal,SUMMER15,web,564.02
767,104,2025-07-05 15:30:30.846396,returned,bank_transfer,,marketplace,512.04
768,372,2025-02-07 23:04:13.846396,returned,credit_card,WELCOME10,mobile,218.29
769,15,2025-02-28 22:01:51.846396,delivered,bank_transfer,SUMMER15,mobile,1357.99
770,201,2025-09-01 21:33:22.846396,delivered,credit_card,FREESHIP,web,75.8
771,211,2025-09-27 08:05:51.846396,cancelled,google_pay,,mobile,510.69
772,62,2025-02-14 05:04:19.846396,pending,apple_pay,,mobile,219.06
773,298,2025-06-05 12:49:07.846396,paid,paypal,WELCOME10,mobile,1617.58
774,289,2025-06-04 07:34:53.846396,delivered,paypal,SUMMER15,marketplace,617.06
775,441,2025-02-06 13:47:33.846396,delivered,bank_transfer,,web,1088.01
776,5,2025-04-16 09:57:06.846396,pending,credit_card,FREESHIP,mobile,1126.22
777,418,2025-02-21 16:59:20.846396,cancelled,paypal,FREESHIP,web,1710.55
778,53,2025-01-12 09:13:22.846396,delivered,apple_pay,FREESHIP,mobile,2330.58
779,71,2025-07-09 00:48:23.846396,pending,credit_card,,web,237.34
780,151,2025-05-16 11:21:46.846396,shipped,google_pay,WELCOME10,web,1528.48
781,248,2025-10-18 11:00:01.846396,returned,paypal,WELCOME10,marketplace,395.45
782,466,2025-05-01 22:12:47.846396,paid,credit_card,FREESHIP,marketplace,1347.52
783,337,2025-09-03 21:59:44.846396,paid,credit_card,,mobile,935.48
784,32,2025-04-04 03:27:00.846396,returned,google_pay,,marketplace,440.09
785,461,2025-04-28 02:38:22.846396,returned,paypal,SUMMER15,mobile,1060.72
786,86,2025-05-08 17:42:38.846396,paid,apple_pay,,web,158.13
787,237,2025-02-28 15:37:38.846396,paid,credit_card,,marketplace,924.28
788,55,2025-01-31 15:20:04.846396,shipped,credit_card,FREESHIP,marketplace,573.47
789,470,2025-03-17 06:19:09.846396,cancelled,credit_card,,web,704.79
790,223,2025-10-10 14:47:11.846396,returned,credit_card,,marketplace,1024.66
791,291,2025-01-05 02:01:28.846396,delivered,apple_pay,,marketplace,487.0
792,91,2025-03-16 04:07:21.846396,returned,paypal,WELCOME10,marketplace,763.92
793,56,2025-10-24 09:47:57.846396,pending,bank_transfer,FREESHIP,marketplace,611.17
794,370,2024-12-28 05:47:38.846396,shipped,google_pay,,marketplace,433.74
795,33,2025-01-16 02:05:57.846396,pending,google_pay,,marketplace,339.87
796,408,2025-01-05 21:08:35.846396,pending,credit_card,FREESHIP,web,579.85
797,13,2025-09-13 18:07:22.846396,shipped,google_pay,WELCOME10,mobile,1702.13
798,206,2025-11-02 01:46:08.846396,shipped,paypal,,marketplace,1744.82
799,3,2025-07-18 18:24:43.846396,returned,apple_pay,SUMMER15,web,1440.98
800,477,2024-11-07 11:18:52.846396,returned,credit_card,,marketplace,700.23
801,243,2025-10-15 04:50:24.846396,paid,credit_card,,web,1688.37
802,438,2024-12-27 20:10:01.846396,returned,paypal,FREESHIP,mobile,316.4
803,207,2025-03-22 03:45:14.846396,pending,credit_card,WELCOME10,web,1231.64
804,420,2025-04-03 23:57:55.846396,returned,bank_transfer,FREESHIP,marketplace,257.4
805,121,2025-01-04 14:18:32.846396,pending,credit_card,WELCOME10,marketplace,1599.39
806,410,2025-10-03 17:03:30.846396,shipped,bank_transfer,FREESHIP,marketplace,829.22
807,19,2025-03-23 14:14:04.846396,shipped,bank_transfer,WELCOME10,web,466.22
808,410,2025-05-31 01:25:22.846396,delivered,bank_transfer,FREESHIP,marketplace,703.71
809,37,2025-07-09 02:12:19.846396,returned,paypal,,web,860.64
810,359,2025-10-28 12:59:07.846396,paid,credit_card,FREESHIP,marketplace,694.36
811,354,2025-07-12 07:33:53.846396,returned,apple_pay,WELCOME10,marketplace,132.51
812,24,2025-05-19 23:54:23.846396,cancelled,credit_card,,marketplace,1190.74
813,36,2025-01-12 04:26:19.846396,delivered,credit_card,FREESHIP,mobile,406.59
814,232,2024-11-29 13:09:22.846396,shipped,bank_transfer,,marketplace,1100.19
815,30,2025-10-20 05:57:29.846396,returned,google_pay,,marketplace,549.45
816,9,2025-02-28 23:10:02.846396,cancelled,google_pay,,marketplace,1888.13
817,6,2025-09-18 14:19:04.846396,delivered,paypal,FREESHIP,mobile,382.41
818,439,2025-10-12 10:12:11.846396,delivered,paypal,,marketplace,782.6
819,500,2024-12-03 11:16:27.846396,returned,paypal,,mobile,916.55
820,150,2025-07-17 16:52:20.846396,pending,apple_pay,SUMMER15,web,1493.41
821,422,2025-04-24 20:58:39.846396,pending,google_pay,WELCOME10,marketplace,701.48
822,314,2025-10-02 00:38:09.846396,delivered,paypal,,mobile,260.66
823,417,2025-06-22 07:42:49.846396,delivered,credit_card,FREESHIP,mobile,970.74
824,33,2025-04-16 15:10:20.846396,delivered,credit_card,,mobile,1042.17
825,470,2025-06-05 12:09:17.846396,cancelled,google_pay,,web,1364.28
826,392,2025-09-12 09:23:23.846396,returned,bank_transfer,,marketplace,423.7
827,268,2025-02-20 10:41:00.846396,returned,apple_pay,SUMMER15,mobile,788.74
828,134,2024-12-03 18:57:59.846396,delivered,bank_transfer,,marketplace,385.63
829,341,2025-09-10 04:04:35.846396,returned,bank_transfer,,mobile,65.37
830,154,2025-01-03 14:23:52.846396,returned,paypal,,mobile,45.04
831,364,2025-05-07 09:55:16.846396,shipped,google_pay,,mobile,715.16
832,36,2025-10-31 14:43:16.846396,pending,paypal,FREESHIP,web,631.03
833,241,2025-06-03 14:44:40.846396,shipped,google_pay,WELCOME10,web,1024.36
834,474,2025-01-07 01:09:18.846396,paid,apple_pay,WELCOME10,marketplace,2718.62
835,201,2025-04-28 14:46:26.846396,delivered,credit_card,,marketplace,304.65
836,68,2025-09-03 15:20:11.846396,delivered,apple_pay,,marketplace,137.07
837,25,2025-07-22 15:45:08.846396,delivered,credit_card,,marketplace,679.67
838,313,2024-12-01 06:59:33.846396,delivered,google_pay,FREESHIP,marketplace,1873.67
839,45,2025-02-05 07:54:53.846396,paid,paypal,,mobile,732.37
840,419,2025-10-09 08:42:55.846396,cancelled,bank_transfer,,mobile,335.66
841,196,2025-06-09 09:01:23.846396,returned,paypal,SUMMER15,mobile,276.11
842,316,2025-04-30 21:33:38.846396,delivered,paypal,WELCOME10,mobile,1197.08
843,206,2025-09-11 05:30:08.846396,shipped,google_pay,SUMMER15,marketplace,276.77
844,302,2025-08-17 09:52:54.846396,paid,paypal,WELCOME10,marketplace,316.16
845,2,2025-11-06 21:25:47.846396,returned,bank_transfer,,web,963.8
846,266,2025-11-05 10:31:09.846396,paid,google_pay,,marketplace,826.84
847,356,2025-09-28 22:35:16.846396,returned,credit_card,SUMMER15,marketplace,351.88
848,132,2025-07-10 08:04:10.846396,cancelled,apple_pay,,marketplace,1418.56
849,68,2025-08-06 21:15:38.846396,delivered,credit_card,,web,619.02
850,358,2024-11-19 00:43:02.846396,paid,credit_card,,web,1042.09
851,254,2025-02-16 20:34:14.846396,paid,bank_transfer,,mobile,2665.2
852,376,2025-01-19 13:06:31.846396,returned,bank_transfer,WELCOME10,marketplace,937.07
853,451,2024-11-22 23:54:34.846396,delivered,credit_card,,marketplace,74.13
854,283,2025-08-20 19:01:01.846396,returned,google_pay,FREESHIP,web,1389.89
855,392,2025-07-25 21:19:22.846396,returned,credit_card,FREESHIP,mobile,935.0
856,213,2025-06-07 22:14:01.846396,cancelled,credit_card,,marketplace,1242.31
857,198,2025-03-14 18:14:40.846396,cancelled,apple_pay,WELCOME10,marketplace,1431.4
858,107,2025-11-02 10:25:47.846396,shipped,google_pay,,marketplace,729.64
859,426,2025-09-10 18:00:12.846396,returned,paypal,SUMMER15,mobile,2591.67
860,11,2025-02-04 13:33:41.846396,paid,paypal,,marketplace,639.7
861,125,2025-01-07 00:35:01.846396,pending,apple_pay,SUMMER15,marketplace,463.34
862,437,2025-03-21 15:35:09.846396,paid,google_pay,SUMMER15,web,723.67
863,23,2025-04-25 03:49:43.846396,returned,paypal,,web,1562.81
864,246,2025-04-21 08:34:55.846396,pending,google_pay,,mobile,867.56
865,369,2025-07-16 07:42:02.846396,cancelled,bank_transfer,,marketplace,770.58
866,405,2025-04-18 05:58:45.846396,paid,paypal,,web,1713.9
867,153,2025-07-22 16:39:10.846396,delivered,google_pay,,mobile,799.8
868,235,2024-12-23 23:34:17.846396,paid,paypal,,mobile,1125.84
869,48,2025-04-24 23:59:11.846396,shipped,paypal,,marketplace,135.81
870,22,2025-07-08 07:17:16.846396,returned,credit_card,,marketplace,1104.28
871,228,2025-05-03 03:04:35.846396,paid,google_pay,,web,376.92
872,98,2024-11-26 22:32:06.846396,delivered,credit_card,FREESHIP,mobile,443.89
873,431,2025-08-09 21:08:51.846396,pending,google_pay,SUMMER15,marketplace,918.7
874,254,2025-07-25 03:04:21.846396,delivered,credit_card,SUMMER15,marketplace,285.7
875,269,2025-02-12 22:30:45.846396,cancelled,credit_card,,web,730.1
876,81,2025-08-09 06:15:49.846396,pending,credit_card,WELCOME10,marketplace,117.62
877,59,2025-09-24 18:36:42.846396,returned,apple_pay,,web,246.77
878,25,2025-08-09 02:41:48.846396,returned,credit_card,,marketplace,1457.27
879,437,2025-01-23 11:42:54.846396,delivered,bank_transfer,,web,1792.68
880,421,2024-12-13 12:49:34.846396,paid,bank_transfer,,web,1423.69
881,97,2025-08-27 19:08:18.846396,shipped,apple_pay,FREESHIP,mobile,54.89
882,27,2025-09-25 01:34:32.846396,delivered,bank_transfer,,mobile,796.5
883,442,2025-10-16 15:09:27.846396,cancelled,credit_card,,marketplace,1200.48
884,231,2025-09-18 13:09:09.846396,returned,google_pay,,marketplace,548.55
885,149,2024-12-13 23:52:25.846396,cancelled,credit_card,SUMMER15,marketplace,554.36
886,225,2025-04-10 08:56:04.846396,pending,bank_transfer,FREESHIP,mobile,774.55
887,145,2025-05-27 11:58:20.846396,delivered,paypal,,web,1375.34
888,53,2025-01-15 01:05:09.846396,cancelled,bank_transfer,,web,520.58
889,337,2025-04-08 10:26:27.846396,shipped,credit_card,,marketplace,967.26
890,205,2025-01-17 15:20:13.846396,pending,credit_card,,marketplace,376.19
891,102,2025-05-27 06:24:26.846396,cancelled,credit_card,SUMMER15,web,145.71
892,445,2025-05-01 18:33:33.846396,delivered,google_pay,WELCOME10,web,842.0
893,104,2025-02-08 18:53:20.846396,cancelled,bank_transfer,WELCOME10,web,1539.19
894,339,2025-02-07 07:30:17.846396,pending,google_pay,FREESHIP,marketplace,1292.43
895,361,2025-08-14 13:30:48.846396,shipped,credit_card,SUMMER15,web,1429.73
896,338,2025-02-16 07:59:20.846396,delivered,bank_transfer,SUMMER15,web,318.48
897,121,2025-10-16 10:42:55.846396,paid,credit_card,SUMMER15,marketplace,767.61
898,184,2024-12-11 17:53:43.846396,shipped,apple_pay,FREESHIP,mobile,188.89
899,451,2025-09-17 21:58:46.846396,returned,google_pay,WELCOME10,marketplace,91.1
900,286,2025-08-24 00:07:15.846396,shipped,apple_pay,WELCOME10,web,1333.94
901,402,2025-04-15 19:48:47.846396,paid,apple_pay,SUMMER15,mobile,844.45
902,282,2025-01-13 22:55:19.846396,delivered,apple_pay,FREESHIP,mobile,389.62
903,5,2025-04-12 04:34:49.846396,cancelled,credit_card,WELCOME10,marketplace,1073.12
904,122,2025-09-12 13:50:05.846396,shipped,paypal,,web,177.02
905,206,2025-03-21 09:39:53.846396,pending,credit_card,,marketplace,386.66
906,171,2025-09-25 11:59:09.846396,cancelled,google_pay,FREESHIP,marketplace,535.75
907,294,2025-02-22 12:11:05.846396,cancelled,bank_transfer,,marketplace,738.04
908,41,2025-07-06 10:39:30.846396,paid,bank_transfer,FREESHIP,web,141.77
909,403,2025-09-03 21:26:42.846396,paid,apple_pay,,marketplace,1010.69
910,265,2024-12-23 01:17:48.846396,shipped,google_pay,,marketplace,1378.06
911,426,2025-03-09 09:12:23.846396,returned,paypal,,web,214.85
912,164,2025-06-22 16:38:50.846396,paid,google_pay,,marketplace,816.14
913,190,2025-01-20 04:27:14.846396,shipped,credit_card,WELCOME10,mobile,1347.14
914,61,2025-03-04 13:08:20.846396,shipped,bank_transfer,WELCOME10,web,697.16
915,262,2025-10-14 18:22:43.846396,cancelled,bank_transfer,FREESHIP,mobile,1246.87
916,152,2025-06-26 12:32:27.846396,pending,bank_transfer,,marketplace,1963.15
917,384,2025-07-31 09:55:03.846396,shipped,bank_transfer,,marketplace,385.57
918,103,2025-08-24 17:10:47.846396,delivered,apple_pay,SUMMER15,marketplace,230.74
919,32,2025-10-06 13:41:03.846396,cancelled,bank_transfer,FREESHIP,web,127.71
920,456,2025-07-29 01:37:35.846396,shipped,bank_transfer,FREESHIP,mobile,78.73
921,323,2025-09-11 11:05:25.846396,cancelled,paypal,FREESHIP,web,911.84
922,191,2025-03-03 13:39:25.846396,cancelled,bank_transfer,WELCOME10,web,890.83
923,167,2025-02-09 16:34:46.846396,shipped,google_pay,,web,752.8
924,117,2025-10-10 19:14:12.846396,delivered,bank_transfer,,web,948.92
925,210,2025-07-11 04:17:00.846396,delivered,paypal,,web,461.49
926,121,2025-10-04 01:48:38.846396,pending,paypal,,web,1412.49
927,485,2025-08-27 08:25:01.846396,paid,paypal,,marketplace,1109.66
928,286,2024-11-27 07:41:09.846396,paid,credit_card,WELCOME10,mobile,2072.3
929,186,2025-02-07 05:39:38.846396,delivered,google_pay,,marketplace,147.07
930,144,2024-11-15 21:10:13.846396,pending,paypal,FREESHIP,marketplace,1002.84
931,384,2025-07-06 04:23:14.846396,paid,paypal,FREESHIP,marketplace,46.39
932,187,2025-01-19 08:03:49.846396,paid,google_pay,,marketplace,614.73
933,385,2025-03-21 16:57:24.846396,returned,bank_transfer,FREESHIP,marketplace,773.89
934,121,2025-09-04 13:21:24.846396,paid,apple_pay,FREESHIP,web,1420.82
935,40,2024-12-31 11:27:11.846396,paid,google_pay,,marketplace,26.12
936,206,2025-06-08 16:17:44.846396,cancelled,credit_card,WELCOME10,mobile,1046.49
937,188,2025-09-17 08:41:19.846396,pending,google_pay,,web,1282.76
938,251,2024-12-24 04:24:29.846396,returned,paypal,,marketplace,733.24
939,118,2024-11-07 10:29:17.846396,delivered,google_pay,FREESHIP,mobile,532.57
940,362,2024-11-29 06:08:25.846396,delivered,paypal,FREESHIP,mobile,913.37
941,303,2025-05-05 08:17:48.846396,returned,google_pay,,mobile,215.18
942,247,2025-01-13 20:07:01.846396,delivered,paypal,,mobile,504.78
943,385,2025-09-09 06:38:48.846396,delivered,bank_transfer,WELCOME10,web,1246.1
944,171,2025-11-04 11:06:33.846396,cancelled,google_pay,,marketplace,1009.19
945,347,2024-11-10 00:30:16.846396,returned,paypal,,mobile,993.25
946,397,2025-06-04 00:02:24.846396,pending,paypal,FREESHIP,marketplace,71.47
947,262,2025-09-01 20:05:05.846396,shipped,google_pay,FREESHIP,marketplace,318.49
948,38,2025-05-13 09:07:41.846396,shipped,apple_pay,WELCOME10,mobile,1479.33
949,356,2025-08-16 07:09:01.846396,delivered,paypal,SUMMER15,marketplace,606.87
950,319,2025-08-18 04:27:48.846396,shipped,bank_transfer,,mobile,1039.63
951,46,2025-11-03 01:20:44.846396,returned,paypal,,web,1394.18
952,169,2025-03-04 03:06:37.846396,returned,paypal,,web,1369.41
953,340,2025-07-25 01:26:03.846396,shipped,google_pay,,marketplace,112.42
954,380,2025-10-22 12:44:43.846396,paid,apple_pay,,web,919.52
955,397,2024-12-22 16:08:29.846396,delivered,google_pay,FREESHIP,web,661.65
956,475,2024-12-08 20:25:44.846396,paid,bank_transfer,,marketplace,1048.72
957,283,2024-11-26 00:50:35.846396,delivered,google_pay,,marketplace,1094.54
958,249,2025-04-02 08:36:12.846396,pending,paypal,,mobile,1988.02
959,421,2025-06-18 11:14:24.846396,paid,google_pay,SUMMER15,web,1357.95
960,339,2024-11-24 08:40:40.846396,cancelled,google_pay,,web,337.26
961,87,2025-09-16 17:01:15.846396,returned,credit_card,SUMMER15,web,1251.91
962,247,2025-10-07 10:51:38.846396,paid,credit_card,SUMMER15,mobile,1487.86
963,142,2025-05-06 01:14:13.846396,delivered,google_pay,WELCOME10,marketplace,74.34
964,153,2024-11-13 13:20:54.846396,pending,google_pay,SUMMER15,marketplace,1236.57
965,357,2025-08-20 08:04:27.846396,shipped,bank_transfer,SUMMER15,web,215.79
966,152,2025-09-12 17:55:57.846396,delivered,apple_pay,,web,148.38
967,247,2025-03-19 17:13:23.846396,delivered,google_pay,,marketplace,795.45
968,352,2024-12-14 05:10:12.846396,shipped,bank_transfer,,marketplace,542.39
969,312,2025-03-18 06:26:05.846396,cancelled,bank_transfer,,mobile,681.87
970,467,2025-05-19 07:21:16.846396,delivered,paypal,SUMMER15,mobile,535.16
971,363,2025-10-21 03:37:28.846396,cancelled,credit_card,FREESHIP,web,252.31
972,264,2025-03-18 13:18:35.846396,delivered,paypal,,marketplace,1632.55
973,183,2025-03-03 22:20:44.846396,delivered,bank_transfer,,marketplace,724.79
974,209,2024-11-10 20:26:18.846396,paid,bank_transfer,,mobile,1068.19
975,160,2025-10-16 23:18:06.846396,pending,google_pay,WELCOME10,mobile,1068.84
976,299,2025-04-15 23:43:19.846396,paid,google_pay,SUMMER15,web,1214.85
977,212,2025-10-21 17:46:26.846396,delivered,paypal,WELCOME10,marketplace,705.53
978,137,2025-03-09 20:30:48.846396,paid,paypal,WELCOME10,web,775.97
979,131,2025-09-18 23:48:46.846396,paid,credit_card,,web,1242.11
980,486,2025-10-19 04:47:15.846396,cancelled,credit_card,,web,1347.7
981,398,2025-07-11 00:21:54.846396,cancelled,bank_transfer,FREESHIP,marketplace,1637.23
982,241,2025-03-27 04:43:11.846396,paid,google_pay,SUMMER15,mobile,1230.85
983,156,2025-02-28 07:50:45.846396,paid,credit_card,,mobile,827.59
984,482,2025-07-09 06:32:20.846396,pending,google_pay,SUMMER15,mobile,161.0
985,287,2025-10-23 17:12:52.846396,delivered,credit_card,,marketplace,501.55
986,355,2025-06-29 22:20:34.846396,returned,credit_card,,marketplace,509.11
987,338,2025-02-22 00:39:53.846396,cancelled,credit_card,SUMMER15,mobile,222.06
988,391,2025-09-15 20:18:20.846396,paid,google_pay,SUMMER15,web,110.29
989,216,2025-03-24 04:00:41.846396,cancelled,bank_transfer,SUMMER15,web,109.46
990,72,2025-07-20 02:17:08.846396,paid,apple_pay,,mobile,1698.15
991,300,2025-05-12 01:26:07.846396,shipped,apple_pay,WELCOME10,marketplace,1645.28
992,213,2025-01-13 07:49:04.846396,returned,paypal,,marketplace,418.33
993,252,2025-03-24 19:26:08.846396,cancelled,apple_pay,FREESHIP,web,210.7
994,13,2025-01-19 16:17:42.846396,delivered,credit_card,WELCOME10,mobile,1111.31
995,59,2025-07-19 15:44:46.846396,returned,google_pay,,marketplace,1293.73
996,300,2025-04-17 04:34:03.846396,shipped,bank_transfer,,marketplace,1517.35
997,136,2024-12-01 01:21:20.846396,pending,paypal,,web,934.27
998,285,2025-03-17 04:12:01.846396,returned,credit_card,FREESHIP,marketplace,1175.17
999,161,2025-04-26 20:18:29.846396,shipped,bank_transfer,,marketplace,1333.27
1000,29,2025-03-17 23:22:48.846396,pending,apple_pay,,mobile,238.22
