customer_id,first_name,last_name,email,signup_date,marketing_opt_in,country,created_at,updated_at
1,Brian,Robinson,elizabeth17@example.org,2025-02-21,True,Bhutan,2025-10-31 19:40:35,2025-10-12 19:40:35
2,Lisa,Hernandez,johnhoward@example.net,2025-04-24,True,Tonga,2025-08-22 19:40:35,2025-10-12 19:40:35
3,Wendy,Garcia,ugarcia@example.net,2025-07-12,False,Ghana,2025-09-10 19:40:35,2025-10-25 19:40:35
4,Jeffrey,Summers,thomas80@example.net,2025-05-18,False,Albania,2025-08-11 19:40:35,2025-10-28 19:40:35
5,Jacob,Henry,adam30@example.org,2025-04-26,True,Bahamas,2025-10-27 19:40:35,2025-10-25 19:40:35
6,Lucas,Short,charlene44@example.org,2025-09-03,True,Kuwait,2025-09-05 19:40:35,2025-10-13 19:40:35
7,Christopher,Gill,delacruzbrooke@example.org,2025-10-14,False,Saint Lucia,2025-10-07 19:40:35,2025-10-23 19:40:35
8,Joel,Rodriguez,holmescarrie@example.com,2025-07-23,True,Malta,2025-08-27 19:40:35,2025-10-15 19:40:35
9,Kyle,Bond,ferrelldylan@example.net,2025-06-09,True,Congo,2025-09-03 19:40:35,2025-10-29 19:40:35
10,Sarah,Austin,ashley61@example.net,2024-12-30,True,Fiji,2025-09-22 19:40:35,2025-10-17 19:40:35
11,Sean,Johnson,connermark@example.org,2025-09-18,False,Kenya,2025-10-09 19:40:35,2025-10-09 19:40:35
12,Whitney,Wright,christopher54@example.com,2025-05-12,False,Timor-Leste,2025-10-06 19:40:35,2025-11-03 19:40:35
13,Jacqueline,Bradshaw,ashley17@example.com,2025-02-28,True,Monaco,2025-08-22 19:40:35,2025-10-25 19:40:35
14,Bryan,Crawford,changlaura@example.com,2025-03-27,True,Bosnia and Herzegovina,2025-08-21 19:40:35,2025-10-11 19:40:35
15,Charles,Ryan,danielle72@example.net,2025-01-12,False,Mayotte,2025-09-21 19:40:35,2025-10-19 19:40:35
16,Trevor,Salazar,buckpamela@example.com,2025-06-15,True,Antarctica (the territory South of 60 deg S),2025-11-02 19:40:35,2025-10-30 19:40:35
17,Erika,Winters,kingdennis@example.org,2025-07-07,True,Nauru,2025-10-26 19:40:35,2025-10-14 19:40:35
18,Krystal,Bell,christopher47@example.net,2025-03-18,False,Western Sahara,2025-09-27 19:40:35,2025-10-19 19:40:35
19,Amber,Wilson,timothystokes@example.org,2025-03-18,True,Trinidad and Tobago,2025-10-10 19:40:35,2025-10-12 19:40:35
20,Kenneth,Graves,chris28@example.com,2025-04-14,False,Svalbard & Jan Mayen Islands,2025-10-08 19:40:35,2025-10-24 19:40:35
21,Cynthia,Garrett,kennedyjane@example.com,2025-08-09,True,New Caledonia,2025-08-17 19:40:35,2025-10-24 19:40:35
22,Jacqueline,Wright,rodriguezjennifer@example.net,2025-10-15,False,Saudi Arabia,2025-08-26 19:40:35,2025-10-09 19:40:35
23,Heather,Sampson,shannonmanning@example.org,2025-03-22,False,Algeria,2025-08-17 19:40:35,2025-11-06 19:40:35
24,Frank,Carlson,thompsoncharles@example.org,2025-04-27,False,British Indian Ocean Territory (Chagos Archipelago),2025-09-25 19:40:35,2025-10-27 19:40:35
25,John,Barton,ggordon@example.com,2025-07-30,False,Congo,2025-10-14 19:40:35,2025-10-19 19:40:35
26,Joseph,Berg,wroth@example.com,2025-05-15,True,Dominican Republic,2025-08-23 19:40:35,2025-10-19 19:40:35
27,Angela,Meyer,dorothy73@example.net,2025-03-04,True,Reunion,2025-09-16 19:40:35,2025-10-15 19:40:35
28,Daniel,Thomas,knightbarry@example.com,2025-03-18,False,Switzerland,2025-08-13 19:40:35,2025-11-03 19:40:35
29,Christian,Jenkins,kevinjackson@example.org,2024-12-26,False,New Zealand,2025-09-06 19:40:35,2025-10-30 19:40:35
30,Joseph,Cox,stevencohen@example.org,2025-01-29,True,Somalia,2025-10-14 19:40:35,2025-11-04 19:40:35
31,Michael,Moore,dmoran@example.com,2025-09-24,False,Philippines,2025-09-12 19:40:35,2025-10-15 19:40:35
32,Juan,Bass,amy48@example.com,2025-03-23,True,Ireland,2025-09-21 19:40:35,2025-10-28 19:40:35
33,Sydney,Horne,brandon15@example.com,2025-05-15,False,Cambodia,2025-09-30 19:40:35,2025-11-03 19:40:35
34,Johnny,Martinez,walkermichael@example.net,2024-12-10,False,Bermuda,2025-09-28 19:40:35,2025-10-11 19:40:35
35,Christopher,Patel,brooke64@example.net,2024-12-03,False,Panama,2025-11-04 19:40:35,2025-11-05 19:40:35
36,David,Young,nicholas75@example.com,2025-01-07,True,Maldives,2025-09-23 19:40:35,2025-10-27 19:40:35
37,Daniel,Wilson,mccormickrenee@example.com,2025-02-06,False,Taiwan,2025-10-16 19:40:35,2025-10-28 19:40:35
38,Zachary,Day,msimmons@example.net,2025-09-19,True,Turkey,2025-10-20 19:40:35,2025-10-15 19:40:35
39,Kaylee,Lee,wesleyneal@example.com,2025-04-10,False,Trinidad and Tobago,2025-10-26 19:40:35,2025-10-11 19:40:35
40,Sarah,Johnson,msmith@example.net,2025-02-15,True,Bangladesh,2025-10-28 19:40:35,2025-11-04 19:40:35
41,Katherine,Wright,nathan00@example.com,2024-12-27,True,Iraq,2025-08-21 19:40:35,2025-10-14 19:40:35
42,Spencer,Rodriguez,judygomez@example.com,2024-11-20,False,Cayman Islands,2025-10-24 19:40:35,2025-10-12 19:40:35
43,Gerald,Stafford,david10@example.org,2025-10-05,False,Portugal,2025-10-22 19:40:35,2025-10-22 19:40:35
44,Christopher,Cervantes,pricealyssa@example.org,2025-03-16,False,Zambia,2025-10-31 19:40:35,2025-10-18 19:40:35
45,Megan,Sanchez,nicole63@example.org,2025-04-08,False,United States of America,2025-09-25 19:40:35,2025-11-01 19:40:35
46,Richard,Ball,teresagomez@example.net,2025-03-31,True,Kazakhstan,2025-08-21 19:40:35,2025-10-11 19:40:35
47,Vanessa,Baxter,belinda19@example.net,2025-02-12,False,Saint Kitts and Nevis,2025-10-07 19:40:35,2025-10-17 19:40:35
48,Jacob,Fields,darias@example.com,2025-10-16,True,Eritrea,2025-08-28 19:40:35,2025-10-16 19:40:35
49,Tina,Bradley,fisheramber@example.org,2025-07-07,True,Senegal,2025-09-29 19:40:35,2025-10-30 19:40:35
50,Ashley,Matthews,lacey30@example.com,2024-11-07,True,Antigua and Barbuda,2025-09-07 19:40:35,2025-10-10 19:40:35
51,Amy,Martin,bryantorres@example.org,2025-01-15,False,Poland,2025-09-11 19:40:35,2025-10-20 19:40:35
52,Shannon,Jenkins,cynthialane@example.com,2025-01-16,False,Sierra Leone,2025-10-13 19:40:35,2025-10-24 19:40:35
53,Scott,Atkins,baxterchristopher@example.net,2025-01-07,True,Bulgaria,2025-09-16 19:40:35,2025-10-07 19:40:35
54,Paul,Richardson,clarkpatrick@example.net,2025-05-27,False,Cayman Islands,2025-08-28 19:40:35,2025-10-30 19:40:35
55,Dana,Jacobs,wparker@example.org,2025-10-10,False,Cape Verde,2025-09-06 19:40:35,2025-10-21 19:40:35
56,Angela,Mitchell,wgutierrez@example.com,2025-10-13,True,Libyan Arab Jamahiriya,2025-10-19 19:40:35,2025-11-02 19:40:35
57,Matthew,White,stevenellis@example.net,2025-01-12,False,Northern Mariana Islands,2025-08-20 19:40:35,2025-10-19 19:40:35
58,Kyle,Alexander,michael73@example.com,2025-07-13,False,Iraq,2025-09-17 19:40:35,2025-10-30 19:40:35
59,Corey,Webb,donaldgamble@example.org,2025-08-22,True,South Georgia and the South Sandwich Islands,2025-09-11 19:40:35,2025-10-25 19:40:35
60,Shane,Young,riversjasmine@example.org,2025-01-13,False,Mozambique,2025-10-06 19:40:35,2025-10-21 19:40:35
61,Gregg,Stevenson,cynthia03@example.net,2024-11-13,True,Singapore,2025-08-15 19:40:35,2025-10-12 19:40:35
62,Rhonda,Lawson,zachary09@example.net,2025-03-27,True,Bahrain,2025-09-07 19:40:35,2025-10-18 19:40:35
63,Dave,Watson,hfuentes@example.net,2025-02-03,True,Kyrgyz Republic,2025-10-06 19:40:35,2025-11-05 19:40:35
64,Michael,Gray,marybuchanan@example.net,2025-08-30,True,Bulgaria,2025-08-28 19:40:35,2025-10-25 19:40:35
65,Anthony,Hopkins,ydavis@example.net,2025-03-10,False,Togo,2025-09-29 19:40:35,2025-11-06 19:40:35
66,Sara,Poole,batesjohn@example.com,2025-06-25,False,Netherlands Antilles,2025-10-30 19:40:35,2025-10-14 19:40:35
67,Daniel,Williams,tina41@example.net,2025-08-26,True,Reunion,2025-08-20 19:40:35,2025-10-21 19:40:35
68,Matthew,Simon,mckinneyisaac@example.net,2025-08-13,True,Georgia,2025-10-27 19:40:35,2025-10-15 19:40:35
69,Danielle,Edwards,jackiemyers@example.net,2025-08-01,False,Hungary,2025-10-29 19:40:35,2025-10-22 19:40:35
70,Scott,Bruce,nspencer@example.com,2025-10-13,True,Burkina Faso,2025-11-03 19:40:35,2025-10-11 19:40:35
71,Melanie,Garcia,erica86@example.net,2025-08-08,True,Paraguay,2025-09-27 19:40:35,2025-10-14 19:40:35
72,Donald,Newton,danielharris@example.net,2025-07-27,True,Brunei Darussalam,2025-11-01 19:40:35,2025-10-18 19:40:35
73,Anthony,Deleon,jason72@example.com,2024-11-10,True,China,2025-09-08 19:40:35,2025-10-24 19:40:35
74,Cindy,Brown,christine82@example.net,2025-08-04,True,Thailand,2025-09-13 19:40:35,2025-11-04 19:40:35
75,Brian,Shaw,smithjanet@example.net,2025-10-28,False,Marshall Islands,2025-09-05 19:40:35,2025-10-29 19:40:35
76,Brandon,Mcbride,joelturner@example.org,2025-06-25,False,Bulgaria,2025-10-16 19:40:35,2025-10-11 19:40:35
77,Erica,Russell,nancydaugherty@example.org,2025-09-20,False,Luxembourg,2025-09-06 19:40:35,2025-10-29 19:40:35
78,Daniel,Anderson,maryhart@example.com,2025-08-29,True,Malawi,2025-09-17 19:40:35,2025-10-07 19:40:35
79,Brooke,Shaw,elizabeth09@example.com,2025-02-26,False,Paraguay,2025-10-16 19:40:35,2025-10-26 19:40:35
80,Julie,Morales,whitebrandon@example.com,2025-05-16,False,Bahamas,2025-08-22 19:40:35,2025-10-12 19:40:35
81,Maria,Wilson,vwilson@example.org,2025-07-27,True,Cocos (Keeling) Islands,2025-09-17 19:40:35,2025-11-03 19:40:35
82,Anthony,Johnson,barretteric@example.net,2025-08-04,True,Finland,2025-10-29 19:40:35,2025-11-02 19:40:35
83,Timothy,Cook,shieldsbrian@example.com,2025-05-01,True,Pitcairn Islands,2025-09-15 19:40:35,2025-10-07 19:40:35
84,Rose,Howe,brownvernon@example.com,2025-09-10,True,Israel,2025-08-24 19:40:35,2025-10-17 19:40:35
85,Matthew,Smith,csuarez@example.org,2025-03-08,False,Afghanistan,2025-09-23 19:40:35,2025-10-23 19:40:35
86,Alec,Johnson,brian30@example.net,2025-02-18,True,Heard Island and McDonald Islands,2025-08-15 19:40:35,2025-10-15 19:40:35
87,Stephen,Ramirez,grahammatthew@example.org,2025-01-18,True,Madagascar,2025-09-24 19:40:35,2025-10-08 19:40:35
88,Joseph,Joseph,heatherjohnson@example.com,2025-04-03,False,Philippines,2025-09-02 19:40:35,2025-11-04 19:40:35
89,Mason,Sampson,john89@example.net,2025-06-12,True,New Zealand,2025-10-28 19:40:35,2025-10-18 19:40:35
90,Karen,Clark,thomas54@example.net,2025-03-06,False,Namibia,2025-10-03 19:40:35,2025-10-10 19:40:35
91,Mark,Wilson,jillian76@example.com,2025-03-04,True,Djibouti,2025-09-26 19:40:35,2025-10-23 19:40:35
92,Katelyn,Harris,helenmartin@example.net,2025-06-07,True,Saint Pierre and Miquelon,2025-08-13 19:40:35,2025-10-09 19:40:35
93,Douglas,Powell,jefferyfowler@example.com,2025-09-04,True,Ireland,2025-08-09 19:40:35,2025-10-18 19:40:35
94,Brandon,Camacho,onewton@example.org,2025-03-01,False,Chile,2025-11-04 19:40:35,2025-10-19 19:40:35
95,Taylor,Marshall,michelle38@example.net,2025-10-01,False,Bulgaria,2025-10-13 19:40:35,2025-11-01 19:40:35
96,Nicole,King,frankowens@example.com,2024-11-16,False,British Indian Ocean Territory (Chagos Archipelago),2025-08-08 19:40:35,2025-10-24 19:40:35
97,Elizabeth,Alvarado,dmcguire@example.com,2025-10-25,True,Cape Verde,2025-09-19 19:40:35,2025-10-27 19:40:35
98,Zachary,Martin,ibarnes@example.net,2025-06-14,False,Iran,2025-10-09 19:40:35,2025-11-04 19:40:35
99,Matthew,Gonzalez,gilbertryan@example.com,2024-11-08,False,Ireland,2025-09-28 19:40:35,2025-10-18 19:40:35
100,Rebecca,Humphrey,william30@example.com,2024-12-10,False,French Southern Territories,2025-10-25 19:40:35,2025-10-30 19:40:35
101,Vanessa,Hayes,leslie67@example.com,2025-10-19,True,Syrian Arab Republic,2025-09-07 19:40:35,2025-10-15 19:40:35
102,Stephen,Garcia,joshuawalker@example.com,2025-03-10,False,Tuvalu,2025-09-22 19:40:35,2025-10-23 19:40:35
103,Donald,Thompson,donnaburgess@example.com,2025-06-11,False,Cuba,2025-10-09 19:40:35,2025-10-08 19:40:35
104,Alexandra,Austin,qwilson@example.com,2025-01-10,True,Chile,2025-10-20 19:40:35,2025-11-04 19:40:35
105,Felicia,Gutierrez,pjacobson@example.org,2025-04-21,False,Zimbabwe,2025-09-03 19:40:35,2025-10-20 19:40:35
106,Ashley,Graham,sheilacruz@example.org,2025-09-30,True,Saint Martin,2025-08-15 19:40:35,2025-10-30 19:40:35
107,Julia,Butler,stephen38@example.com,2025-05-17,False,Finland,2025-08-23 19:40:35,2025-10-18 19:40:35
108,Austin,Williams,christine14@example.com,2025-07-17,True,American Samoa,2025-10-28 19:40:35,2025-10-20 19:40:35
109,Gary,Cherry,mwhite@example.com,2025-02-15,False,Mexico,2025-10-19 19:40:35,2025-10-31 19:40:35
110,Anne,Wang,matthew92@example.org,2024-12-26,False,Western Sahara,2025-09-16 19:40:35,2025-10-22 19:40:35
111,Antonio,Williams,steeleandrew@example.net,2025-05-23,False,Saint Kitts and Nevis,2025-10-31 19:40:35,2025-11-03 19:40:35
112,Evan,Miller,bzimmerman@example.org,2025-01-08,False,South Africa,2025-10-06 19:40:35,2025-10-15 19:40:35
113,Stephen,Juarez,cwilliams@example.net,2025-05-03,False,Antigua and Barbuda,2025-08-17 19:40:35,2025-10-28 19:40:35
114,Matthew,Friedman,hsuarez@example.net,2025-09-04,False,Vanuatu,2025-08-28 19:40:35,2025-10-18 19:40:35
115,Michael,Gordon,haleymeza@example.com,2025-04-06,True,South Georgia and the South Sandwich Islands,2025-09-26 19:40:35,2025-10-16 19:40:35
116,Christopher,Gallegos,johnsonmelanie@example.net,2025-04-11,True,Bermuda,2025-10-21 19:40:35,2025-11-04 19:40:35
117,Jeffery,Hodges,christopher88@example.org,2025-11-02,True,South Georgia and the South Sandwich Islands,2025-10-27 19:40:35,2025-10-30 19:40:35
118,Katrina,Heath,brittany08@example.com,2025-07-17,True,New Zealand,2025-08-13 19:40:35,2025-10-17 19:40:35
119,Judith,Nelson,rubioholly@example.org,2025-09-11,True,Korea,2025-09-27 19:40:35,2025-11-04 19:40:35
120,Lonnie,Page,lopezpatrick@example.org,2025-01-01,True,Ecuador,2025-09-20 19:40:35,2025-11-04 19:40:35
121,Francisco,Garcia,mharmon@example.net,2025-05-02,True,Brazil,2025-08-27 19:40:35,2025-10-20 19:40:35
122,Clayton,Patrick,thill@example.org,2025-03-09,True,Anguilla,2025-08-23 19:40:35,2025-10-18 19:40:35
123,Catherine,Hardy,nfernandez@example.org,2025-10-26,False,Paraguay,2025-08-21 19:40:35,2025-11-05 19:40:35
124,Andrew,Walker,lorraine66@example.org,2025-04-01,True,Australia,2025-09-16 19:40:35,2025-10-20 19:40:35
125,Matthew,Mayer,garcialeslie@example.org,2025-10-14,False,Jamaica,2025-09-07 19:40:35,2025-10-20 19:40:35
126,Jeffery,Chase,xfoster@example.org,2025-03-27,False,Tuvalu,2025-09-28 19:40:35,2025-10-10 19:40:35
127,Samantha,Webb,powellclaudia@example.org,2025-03-31,False,Mongolia,2025-10-20 19:40:35,2025-11-05 19:40:35
128,Katelyn,Nelson,frenchcrystal@example.org,2025-10-01,True,Sweden,2025-08-17 19:40:35,2025-10-15 19:40:35
129,Jonathan,Hampton,walshchristina@example.net,2025-05-28,False,United States of America,2025-09-13 19:40:35,2025-10-11 19:40:35
130,Christina,Quinn,michelleperkins@example.org,2025-03-15,False,Ethiopia,2025-09-12 19:40:35,2025-10-23 19:40:35
131,Cameron,George,tanner30@example.com,2024-11-13,False,Vietnam,2025-10-22 19:40:35,2025-10-08 19:40:35
132,Tammy,Lewis,zwright@example.org,2025-08-28,False,Bosnia and Herzegovina,2025-09-13 19:40:35,2025-11-01 19:40:35
133,Kristina,Gibbs,colindavis@example.com,2025-06-03,True,Pakistan,2025-11-04 19:40:35,2025-10-21 19:40:35
134,Kathleen,Hoover,normanelizabeth@example.com,2025-07-06,True,Afghanistan,2025-08-15 19:40:35,2025-11-03 19:40:35
135,Thomas,Hayes,srogers@example.org,2025-03-31,False,Bulgaria,2025-11-04 19:40:35,2025-10-18 19:40:35
136,Bobby,Warner,stevensjessica@example.org,2025-01-31,False,Congo,2025-09-17 19:40:35,2025-10-24 19:40:35
137,Christopher,Schwartz,albert68@example.org,2025-07-06,False,Sri Lanka,2025-11-05 19:40:35,2025-10-13 19:40:35
138,Jeremiah,Nunez,jeffrey07@example.org,2024-12-27,True,Djibouti,2025-10-18 19:40:35,2025-10-22 19:40:35
139,Tracy,Torres,rebecca55@example.net,2025-03-27,False,Korea,2025-09-23 19:40:35,2025-10-19 19:40:35
140,Nathan,Wheeler,danielbender@example.net,2025-07-23,False,Malta,2025-10-07 19:40:35,2025-10-18 19:40:35
141,Paul,Cameron,john97@example.net,2025-09-25,False,El Salvador,2025-09-11 19:40:35,2025-10-29 19:40:35
142,David,Harding,brenda06@example.net,2025-08-08,True,Argentina,2025-08-29 19:40:35,2025-11-06 19:40:35
143,John,Long,kevinshea@example.com,2025-06-16,False,Tokelau,2025-11-04 19:40:35,2025-10-17 19:40:35
144,Sandy,Gibson,christinarice@example.net,2024-11-17,False,Djibouti,2025-09-01 19:40:35,2025-10-13 19:40:35
145,Shawn,Burns,anthony63@example.org,2024-11-21,False,France,2025-10-04 19:40:35,2025-10-26 19:40:35
146,Erika,Hogan,ericsnyder@example.org,2025-02-09,True,Bosnia and Herzegovina,2025-10-31 19:40:35,2025-11-03 19:40:35
147,Beth,Wallace,dsmith@example.org,2024-12-15,True,United States Minor Outlying Islands,2025-09-05 19:40:35,2025-10-07 19:40:35
148,Jennifer,Gonzalez,myersmichael@example.net,2025-07-06,True,Liberia,2025-10-27 19:40:35,2025-11-01 19:40:35
149,Steven,Kirby,kimberlynoble@example.org,2025-03-24,True,India,2025-08-28 19:40:35,2025-11-06 19:40:35
150,Janet,Brown,miguelolson@example.org,2025-09-06,True,Cape Verde,2025-10-02 19:40:35,2025-10-20 19:40:35
151,Jesus,West,whitney42@example.com,2025-08-07,True,Ecuador,2025-10-03 19:40:35,2025-10-25 19:40:35
152,Ryan,Powers,troybeck@example.org,2025-01-04,True,Nicaragua,2025-09-22 19:40:35,2025-10-22 19:40:35
153,Jessica,Weaver,james90@example.com,2025-07-10,False,Faroe Islands,2025-10-01 19:40:35,2025-10-08 19:40:35
154,Kevin,Gibson,hernandezchristine@example.org,2025-07-02,False,Angola,2025-09-08 19:40:35,2025-10-24 19:40:35
155,Christine,Wilson,donaldtran@example.com,2025-04-01,False,Saudi Arabia,2025-11-05 19:40:35,2025-11-03 19:40:35
156,Lynn,Burns,thomascunningham@example.net,2025-09-15,True,Micronesia,2025-10-04 19:40:35,2025-10-20 19:40:35
157,Matthew,Smith,amurray@example.org,2025-01-31,True,Yemen,2025-09-29 19:40:35,2025-10-25 19:40:35
158,Paul,Foster,slewis@example.net,2025-04-11,True,Cameroon,2025-10-03 19:40:35,2025-10-12 19:40:35
159,Katherine,Miller,nicolesmith@example.org,2025-03-20,False,French Southern Territories,2025-10-04 19:40:35,2025-10-21 19:40:35
160,Jon,Williams,jonesmary@example.org,2025-09-04,True,Senegal,2025-08-30 19:40:35,2025-10-23 19:40:35
161,Theresa,Sims,haleyjohn@example.org,2025-10-03,False,Guadeloupe,2025-09-21 19:40:35,2025-10-20 19:40:35
162,Dominic,Garcia,sbutler@example.org,2025-03-27,True,Malaysia,2025-09-10 19:40:35,2025-10-24 19:40:35
163,Kathy,English,youngcaitlin@example.com,2025-02-02,False,Saint Vincent and the Grenadines,2025-09-27 19:40:35,2025-10-08 19:40:35
164,Garrett,Owens,cphelps@example.org,2025-05-13,True,Kenya,2025-09-21 19:40:35,2025-10-18 19:40:35
165,Dana,Allen,nreese@example.org,2025-04-19,False,Honduras,2025-09-05 19:40:35,2025-10-12 19:40:35
166,Matthew,Little,brett47@example.net,2025-09-28,False,Micronesia,2025-10-28 19:40:35,2025-10-13 19:40:35
167,Matthew,Blake,leemary@example.net,2025-06-14,True,Malawi,2025-08-08 19:40:35,2025-10-28 19:40:35
168,Keith,Ward,cochrananthony@example.org,2025-10-22,False,Afghanistan,2025-08-21 19:40:35,2025-10-14 19:40:35
169,Donna,Long,david75@example.com,2025-10-03,False,Greece,2025-10-11 19:40:35,2025-10-11 19:40:35
170,Robert,Meyers,amy42@example.com,2024-12-12,False,Angola,2025-08-12 19:40:35,2025-11-06 19:40:35
171,Ebony,Strickland,mjones@example.org,2025-03-11,True,Czech Republic,2025-10-25 19:40:35,2025-11-03 19:40:35
172,James,Wilson,kellyhays@example.org,2024-11-24,False,Faroe Islands,2025-10-08 19:40:35,2025-10-25 19:40:35
173,Sean,Adams,efuentes@example.com,2025-07-27,True,Guam,2025-08-23 19:40:35,2025-10-11 19:40:35
174,Charles,Fox,adam78@example.com,2025-08-26,True,Libyan Arab Jamahiriya,2025-10-25 19:40:35,2025-10-22 19:40:35
175,Megan,Crawford,kenneth67@example.com,2024-11-10,False,Afghanistan,2025-10-16 19:40:35,2025-10-21 19:40:35
176,Darrell,Harrison,powersmegan@example.net,2025-03-19,False,Bahrain,2025-11-04 19:40:35,2025-11-03 19:40:35
177,Tammy,Mcdaniel,christinerobertson@example.com,2024-11-11,True,Cameroon,2025-09-24 19:40:35,2025-10-21 19:40:35
178,Wendy,Jackson,gatesmichelle@example.org,2025-09-23,False,Saint Vincent and the Grenadines,2025-10-11 19:40:35,2025-11-04 19:40:35
179,Teresa,Burke,sandramccoy@example.org,2025-03-20,False,Uganda,2025-10-19 19:40:35,2025-10-26 19:40:35
180,Jessica,Williams,ojones@example.org,2024-12-04,True,Tajikistan,2025-09-29 19:40:35,2025-10-31 19:40:35
181,Michael,Holt,morsejoshua@example.net,2025-02-22,True,Hong Kong,2025-11-02 19:40:35,2025-10-17 19:40:35
182,Linda,Brown,dsmith@example.net,2024-12-03,True,Mauritius,2025-08-18 19:40:35,2025-10-11 19:40:35
183,Bridget,Irwin,walkernathan@example.com,2025-02-16,False,New Caledonia,2025-09-21 19:40:35,2025-10-25 19:40:35
184,Veronica,Garcia,greenediane@example.org,2025-03-02,True,Paraguay,2025-08-13 19:40:35,2025-10-20 19:40:35
185,Crystal,White,qbailey@example.net,2025-06-29,False,Jamaica,2025-10-13 19:40:35,2025-10-11 19:40:35
186,Christina,Jones,ellen76@example.org,2025-03-29,False,Slovenia,2025-10-08 19:40:35,2025-10-12 19:40:35
187,Aaron,Paul,kmiller@example.org,2025-07-26,False,Saint Vincent and the Grenadines,2025-10-09 19:40:35,2025-10-26 19:40:35
188,Dawn,King,ndean@example.com,2025-01-17,False,Jamaica,2025-10-10 19:40:35,2025-10-22 19:40:35
189,Andrew,Thomas,rcruz@example.org,2025-07-31,True,Bolivia,2025-09-23 19:40:35,2025-10-27 19:40:35
190,Jorge,Conner,christopherlewis@example.org,2025-01-03,False,Madagascar,2025-08-10 19:40:35,2025-10-14 19:40:35
191,Mark,Jackson,elizabethkelly@example.com,2025-10-01,True,Kuwait,2025-10-17 19:40:35,2025-10-21 19:40:35
192,Bridget,Nelson,wmorrison@example.com,2025-03-16,False,Holy See (Vatican City State),2025-08-15 19:40:35,2025-10-31 19:40:35
193,Jacob,Rose,nathanielpitts@example.org,2025-08-25,False,Nepal,2025-08-18 19:40:35,2025-11-05 19:40:35
194,Joyce,Mitchell,rebecca56@example.net,2024-11-11,False,Tanzania,2025-10-23 19:40:35,2025-10-15 19:40:35
195,Charles,Taylor,jennifer33@example.net,2025-07-05,True,Uzbekistan,2025-10-16 19:40:35,2025-10-19 19:40:35
196,Ashlee,Miller,timothyrichard@example.org,2025-10-20,False,China,2025-10-26 19:40:35,2025-10-31 19:40:35
197,Michael,Brown,frazierrichard@example.net,2025-06-08,False,Pitcairn Islands,2025-10-08 19:40:35,2025-10-10 19:40:35
198,Kristin,Zimmerman,philip50@example.org,2025-08-09,False,New Zealand,2025-10-12 19:40:35,2025-11-02 19:40:35
199,Robin,Williams,wmayo@example.com,2025-09-21,False,Luxembourg,2025-11-04 19:40:35,2025-10-20 19:40:35
200,Christina,Allen,anorris@example.net,2025-09-20,False,Gabon,2025-08-18 19:40:35,2025-10-18 19:40:35
201,Tyler,Valenzuela,parkerkyle@example.net,2025-02-01,False,Swaziland,2025-09-30 19:40:35,2025-10-17 19:40:35
202,Thomas,Robertson,alexbrown@example.com,2025-03-22,False,Netherlands Antilles,2025-08-13 19:40:35,2025-10-23 19:40:35
203,Tiffany,Crawford,jamesphillips@example.com,2024-12-15,True,South Africa,2025-08-10 19:40:35,2025-10-23 19:40:35
204,Jason,Kerr,angela77@example.com,2024-12-13,True,Indonesia,2025-09-08 19:40:35,2025-10-16 19:40:35
205,Tyler,Reed,david10@example.com,2025-09-13,False,Lao People's Democratic Republic,2025-08-08 19:40:35,2025-10-14 19:40:35
206,Jennifer,Gordon,morganflores@example.org,2025-03-02,True,Guadeloupe,2025-11-01 19:40:35,2025-10-22 19:40:35
207,Luis,Rhodes,tiffanyshepherd@example.com,2025-06-09,False,Iran,2025-11-06 19:40:35,2025-11-01 19:40:35
208,Robert,Lopez,jacqueline41@example.net,2025-09-12,True,Albania,2025-09-18 19:40:35,2025-10-29 19:40:35
209,Carla,Thompson,thomasvaughn@example.org,2025-07-14,False,Gibraltar,2025-08-10 19:40:35,2025-10-21 19:40:35
210,Allison,Clark,espinozacindy@example.net,2025-08-29,False,Antigua and Barbuda,2025-08-17 19:40:35,2025-11-03 19:40:35
211,Carrie,Roberts,stacyhart@example.com,2025-01-05,False,Timor-Leste,2025-11-04 19:40:35,2025-10-07 19:40:35
212,Kevin,Mcintosh,alexisholder@example.com,2024-11-10,False,Pakistan,2025-08-20 19:40:35,2025-10-18 19:40:35
213,Kendra,Welch,meredith22@example.net,2025-08-29,True,Papua New Guinea,2025-10-13 19:40:35,2025-10-24 19:40:35
214,Ronald,Guzman,lwilliams@example.com,2025-06-26,False,Norfolk Island,2025-10-27 19:40:35,2025-10-31 19:40:35
215,Randall,Jones,farmerjoseph@example.net,2024-11-09,True,South Georgia and the South Sandwich Islands,2025-09-22 19:40:35,2025-10-29 19:40:35
216,Donald,Morris,marycrawford@example.com,2025-01-16,False,Mexico,2025-08-13 19:40:35,2025-10-19 19:40:35
217,Brenda,Gomez,veronica68@example.org,2025-07-10,True,Central African Republic,2025-08-30 19:40:35,2025-10-16 19:40:35
218,Tanner,Yates,patriciawalker@example.com,2025-08-01,True,Pitcairn Islands,2025-09-30 19:40:35,2025-10-26 19:40:35
219,David,Atkinson,curtisdaniel@example.org,2025-01-10,True,Jersey,2025-10-12 19:40:35,2025-11-04 19:40:35
220,Rebecca,Kelly,shannoncharles@example.org,2025-02-11,False,Egypt,2025-09-03 19:40:35,2025-11-04 19:40:35
221,Matthew,Nelson,rweiss@example.org,2025-07-07,False,Puerto Rico,2025-09-09 19:40:35,2025-10-24 19:40:35
222,Michael,Brown,amandaramirez@example.com,2024-12-17,True,British Virgin Islands,2025-09-14 19:40:35,2025-10-16 19:40:35
223,Blake,Kelly,jasoncole@example.org,2025-09-01,False,Macao,2025-10-10 19:40:35,2025-11-04 19:40:35
224,Michelle,Phillips,kevin61@example.org,2025-08-03,True,Jamaica,2025-09-11 19:40:35,2025-11-04 19:40:35
225,Misty,Miller,clewis@example.org,2025-09-09,True,Heard Island and McDonald Islands,2025-08-14 19:40:35,2025-10-18 19:40:35
226,Daniel,Gill,bvasquez@example.com,2025-05-07,True,Turkey,2025-08-28 19:40:35,2025-11-02 19:40:35
227,Matthew,Farmer,smithnancy@example.com,2025-09-11,True,Haiti,2025-08-20 19:40:35,2025-10-12 19:40:35
228,Samuel,Obrien,henry33@example.org,2024-11-28,False,Syrian Arab Republic,2025-09-23 19:40:35,2025-10-13 19:40:35
229,Joshua,Williams,ndunn@example.org,2025-02-16,True,Mauritius,2025-11-01 19:40:35,2025-11-05 19:40:35
230,Stephanie,Burke,josephjones@example.net,2025-08-23,False,American Samoa,2025-09-17 19:40:35,2025-10-29 19:40:35
231,Seth,Garcia,jessemccormick@example.com,2025-01-25,False,Yemen,2025-10-14 19:40:35,2025-10-28 19:40:35
232,Vanessa,Holloway,daniel00@example.net,2025-09-18,False,Saint Barthelemy,2025-09-03 19:40:35,2025-10-31 19:40:35
233,Paul,Adkins,elizabeth12@example.net,2025-07-24,False,Comoros,2025-08-21 19:40:35,2025-10-13 19:40:35
234,Nathan,Glenn,brian68@example.org,2025-04-26,False,Vietnam,2025-10-18 19:40:35,2025-10-26 19:40:35
235,Sherry,Hickman,michael02@example.com,2025-09-04,True,Bosnia and Herzegovina,2025-08-24 19:40:35,2025-10-07 19:40:35
236,Robert,Oconnell,cynthiamiles@example.net,2025-06-19,False,Bhutan,2025-10-25 19:40:35,2025-10-18 19:40:35
237,Brian,Preston,petersonrichard@example.org,2025-04-13,True,Denmark,2025-08-29 19:40:35,2025-10-22 19:40:35
238,Craig,Arroyo,maryarnold@example.net,2025-07-24,True,Rwanda,2025-09-11 19:40:35,2025-10-19 19:40:35
239,Maria,Salinas,barbaraestrada@example.net,2025-10-14,True,Korea,2025-09-23 19:40:35,2025-10-23 19:40:35
240,Sierra,Barker,ssantana@example.org,2025-10-18,False,Monaco,2025-11-04 19:40:35,2025-10-10 19:40:35
241,Michael,Cooper,lstewart@example.com,2024-11-14,True,El Salvador,2025-11-01 19:40:35,2025-10-25 19:40:35
242,Michael,Jackson,terrellangela@example.org,2025-07-17,False,Eritrea,2025-09-07 19:40:35,2025-11-05 19:40:35
243,Terri,Davis,shanebarr@example.org,2025-06-02,False,Poland,2025-10-24 19:40:35,2025-10-13 19:40:35
244,Mitchell,Robinson,richardweber@example.net,2024-11-28,True,Saudi Arabia,2025-09-28 19:40:35,2025-10-19 19:40:35
245,Michael,Hughes,woodjohnny@example.com,2024-11-18,False,New Caledonia,2025-08-27 19:40:35,2025-10-12 19:40:35
246,Tabitha,Mitchell,carl90@example.com,2025-01-05,False,India,2025-11-02 19:40:35,2025-10-20 19:40:35
247,Krystal,Adams,fcompton@example.org,2025-03-27,False,Gibraltar,2025-09-12 19:40:35,2025-10-18 19:40:35
248,Samuel,Johnson,zgonzalez@example.net,2024-12-19,False,Macao,2025-09-25 19:40:35,2025-10-15 19:40:35
249,Karen,Rodriguez,kelsey33@example.org,2024-12-07,True,Korea,2025-10-11 19:40:35,2025-10-28 19:40:35
250,Robert,Leblanc,kellylloyd@example.org,2025-08-13,True,Dominican Republic,2025-08-18 19:40:35,2025-11-01 19:40:35
251,Edward,James,meganmiller@example.com,2025-02-25,False,Poland,2025-10-30 19:40:35,2025-10-08 19:40:35
252,Andrew,Rose,belinda53@example.net,2025-05-11,True,Latvia,2025-10-18 19:40:35,2025-10-23 19:40:35
253,James,Baker,blee@example.net,2025-03-27,False,Haiti,2025-08-14 19:40:35,2025-10-31 19:40:35
254,Jamie,Potter,qclark@example.com,2025-03-20,True,Togo,2025-09-17 19:40:35,2025-10-11 19:40:35
255,Melissa,Wilcox,twhite@example.org,2024-12-10,True,Pitcairn Islands,2025-09-29 19:40:35,2025-10-28 19:40:35
256,Charles,Jones,qgray@example.net,2025-06-12,True,Northern Mariana Islands,2025-08-11 19:40:35,2025-10-21 19:40:35
257,Tabitha,Donovan,jenniferjenkins@example.net,2025-05-19,False,Ghana,2025-08-23 19:40:35,2025-10-27 19:40:35
258,Megan,Burke,rsmith@example.net,2025-02-16,True,Latvia,2025-09-24 19:40:35,2025-10-21 19:40:35
259,Gabrielle,Mcgrath,james29@example.com,2024-12-03,True,Congo,2025-08-16 19:40:35,2025-10-10 19:40:35
260,Rhonda,Vasquez,glee@example.org,2024-12-13,False,Hungary,2025-10-09 19:40:35,2025-10-10 19:40:35
261,Richard,Arnold,harias@example.org,2025-06-14,False,Benin,2025-08-09 19:40:35,2025-11-02 19:40:35
262,Ronald,Strong,gonzalezkelly@example.org,2025-06-03,False,Saint Kitts and Nevis,2025-09-26 19:40:35,2025-10-31 19:40:35
263,Scott,Simmons,cohenmary@example.net,2025-08-22,False,Iran,2025-11-04 19:40:35,2025-10-20 19:40:35
264,Anthony,Young,benjamin74@example.com,2024-12-26,False,Central African Republic,2025-10-09 19:40:35,2025-11-03 19:40:35
265,Christie,Brown,annecollier@example.net,2025-02-16,False,Burundi,2025-09-26 19:40:35,2025-10-31 19:40:35
266,Amanda,Rodriguez,barreradiana@example.net,2025-04-25,False,Niger,2025-10-27 19:40:35,2025-10-16 19:40:35
267,William,Solis,eric88@example.com,2025-07-01,False,Guadeloupe,2025-08-28 19:40:35,2025-10-08 19:40:35
268,Sarah,Castillo,johnslarry@example.org,2025-08-02,True,Puerto Rico,2025-09-24 19:40:35,2025-11-05 19:40:35
269,Angela,Miller,perezrichard@example.org,2024-12-14,True,Nicaragua,2025-11-03 19:40:35,2025-10-29 19:40:35
270,Joseph,Clark,williambryant@example.net,2025-08-24,True,Singapore,2025-11-01 19:40:35,2025-10-20 19:40:35
271,Daniel,Flores,iwheeler@example.net,2025-02-23,False,Israel,2025-08-27 19:40:35,2025-10-09 19:40:35
272,Dalton,Mcbride,qgreen@example.com,2025-08-22,True,Svalbard & Jan Mayen Islands,2025-09-07 19:40:35,2025-10-17 19:40:35
273,James,Rosales,asmith@example.com,2025-03-27,False,French Polynesia,2025-10-07 19:40:35,2025-10-09 19:40:35
274,Matthew,Johnson,courtney64@example.com,2025-08-18,True,Niue,2025-11-01 19:40:35,2025-10-25 19:40:35
275,John,Romero,kimpowell@example.net,2025-09-16,False,Libyan Arab Jamahiriya,2025-08-11 19:40:35,2025-11-04 19:40:35
276,John,Cross,lori43@example.com,2025-02-28,False,Zambia,2025-08-22 19:40:35,2025-10-30 19:40:35
277,Cynthia,Chavez,tristansmith@example.net,2024-11-11,True,Tuvalu,2025-08-20 19:40:35,2025-10-07 19:40:35
278,Roger,Cunningham,terrimoon@example.net,2025-05-06,False,Estonia,2025-10-08 19:40:35,2025-11-05 19:40:35
279,Jacqueline,Moran,brownmichele@example.net,2025-08-26,True,Isle of Man,2025-10-09 19:40:35,2025-11-06 19:40:35
280,Kathleen,Phillips,craig71@example.net,2025-07-04,True,Bermuda,2025-10-03 19:40:35,2025-10-21 19:40:35
281,Aaron,Solis,morgan82@example.org,2025-06-11,False,Zambia,2025-10-06 19:40:35,2025-10-24 19:40:35
282,Katelyn,Johnson,michellehudson@example.com,2025-08-24,True,Moldova,2025-08-09 19:40:35,2025-10-14 19:40:35
283,Vincent,Greene,kathleenhuynh@example.net,2025-03-08,False,Gambia,2025-09-19 19:40:35,2025-11-05 19:40:35
284,Alicia,Robles,amandaadams@example.org,2025-06-06,True,Tanzania,2025-08-22 19:40:35,2025-10-30 19:40:35
285,Savannah,Bradley,janicewood@example.org,2025-05-10,True,Paraguay,2025-10-18 19:40:35,2025-10-23 19:40:35
286,Alejandro,Moreno,xhumphrey@example.com,2025-08-20,False,Kiribati,2025-10-02 19:40:35,2025-10-21 19:40:35
287,Justin,Lucas,fernandezjason@example.org,2024-11-27,False,Mali,2025-08-09 19:40:35,2025-10-28 19:40:35
288,Daniel,Ross,lyoung@example.net,2025-04-06,True,Namibia,2025-08-27 19:40:35,2025-10-25 19:40:35
289,Laura,Woods,brad61@example.com,2024-12-10,False,Finland,2025-09-09 19:40:35,2025-10-30 19:40:35
290,William,Taylor,aaronproctor@example.org,2024-11-05,True,Faroe Islands,2025-11-06 19:40:35,2025-10-19 19:40:35
291,Laura,Brady,angela33@example.org,2025-08-03,True,Sao Tome and Principe,2025-09-03 19:40:35,2025-10-23 19:40:35
292,Sarah,Griffin,christinawalker@example.org,2025-06-07,False,Qatar,2025-11-03 19:40:35,2025-11-05 19:40:35
293,Cheryl,Harris,woodgeorge@example.com,2025-08-06,False,Heard Island and McDonald Islands,2025-09-24 19:40:35,2025-10-30 19:40:35
294,Katie,Stone,christopherwilson@example.org,2025-01-07,True,United States Minor Outlying Islands,2025-09-17 19:40:35,2025-10-26 19:40:35
295,Gregory,Bradley,cmoore@example.net,2025-01-28,True,China,2025-10-10 19:40:35,2025-10-20 19:40:35
296,Brooke,Silva,brian68@example.net,2025-04-20,False,Senegal,2025-10-14 19:40:35,2025-10-18 19:40:35
297,Denise,Brock,scott32@example.org,2025-09-20,False,Samoa,2025-08-24 19:40:35,2025-11-01 19:40:35
298,James,Gray,courtneysoto@example.org,2024-11-27,True,Western Sahara,2025-08-18 19:40:35,2025-10-19 19:40:35
299,James,Johnson,michelleryan@example.org,2025-10-29,True,Korea,2025-09-27 19:40:35,2025-10-17 19:40:35
300,Katherine,Marquez,tina85@example.net,2025-02-16,False,Argentina,2025-08-12 19:40:35,2025-11-01 19:40:35
301,Ryan,Key,veronica80@example.net,2025-03-08,False,Saint Lucia,2025-08-11 19:40:35,2025-10-16 19:40:35
302,Keith,Jackson,zacharyhensley@example.com,2025-06-22,True,Tokelau,2025-08-10 19:40:35,2025-10-20 19:40:35
303,Tyler,Pena,alexander56@example.net,2025-01-08,True,Algeria,2025-10-17 19:40:35,2025-10-31 19:40:35
304,Laurie,Fields,adamssusan@example.net,2025-02-26,True,Paraguay,2025-10-02 19:40:35,2025-11-01 19:40:35
305,Joshua,Gray,victor29@example.org,2025-11-03,True,Turks and Caicos Islands,2025-10-10 19:40:35,2025-10-22 19:40:35
306,Joshua,Campbell,christopherburgess@example.com,2024-11-09,True,Zimbabwe,2025-10-03 19:40:35,2025-10-09 19:40:35
307,Lucas,Hampton,amy76@example.org,2025-02-02,True,Haiti,2025-08-26 19:40:35,2025-10-07 19:40:35
308,David,Stafford,georgeprice@example.net,2025-05-02,True,Cook Islands,2025-08-18 19:40:35,2025-10-27 19:40:35
309,Victor,Johnson,marilynreyes@example.com,2025-01-22,True,Lebanon,2025-10-11 19:40:35,2025-10-09 19:40:35
310,Joshua,Fields,crystal95@example.org,2025-06-06,True,Zambia,2025-08-28 19:40:35,2025-10-17 19:40:35
311,Kimberly,Nguyen,nnorton@example.org,2025-07-28,True,Canada,2025-10-23 19:40:35,2025-11-01 19:40:35
312,Christopher,Lucas,beverlybell@example.com,2025-06-24,True,Tunisia,2025-09-12 19:40:35,2025-10-28 19:40:35
313,Jennifer,Webb,zachary40@example.com,2025-04-18,True,Norfolk Island,2025-08-09 19:40:35,2025-10-07 19:40:35
314,Joshua,Long,lisawatkins@example.net,2025-03-24,False,Indonesia,2025-08-21 19:40:35,2025-10-12 19:40:35
315,April,Suarez,igolden@example.com,2025-07-16,False,Thailand,2025-08-17 19:40:35,2025-10-14 19:40:35
316,Derrick,Harrison,derrickharris@example.com,2025-03-24,True,Samoa,2025-09-27 19:40:35,2025-10-23 19:40:35
317,Cory,Jackson,scottdaniels@example.net,2025-09-11,False,Chad,2025-10-29 19:40:35,2025-10-14 19:40:35
318,Andrew,Perez,hannah57@example.com,2025-07-02,False,Iraq,2025-08-08 19:40:35,2025-10-21 19:40:35
319,Angelica,Richards,jeffersonshelby@example.org,2025-07-24,False,Saint Pierre and Miquelon,2025-08-10 19:40:35,2025-11-03 19:40:35
320,Jacob,Hodges,millermark@example.net,2025-07-18,False,Venezuela,2025-09-05 19:40:35,2025-10-26 19:40:35
321,Kristie,Rice,wyattchristopher@example.com,2025-01-19,False,Thailand,2025-08-19 19:40:35,2025-10-29 19:40:35
322,Jaime,Johnson,patricia50@example.com,2025-10-07,False,Malawi,2025-10-26 19:40:35,2025-10-24 19:40:35
323,Sally,Howard,johnsonjames@example.net,2025-09-30,True,Vietnam,2025-08-30 19:40:35,2025-10-26 19:40:35
324,Teresa,Mckinney,uyoung@example.org,2025-09-22,False,Azerbaijan,2025-10-04 19:40:35,2025-10-23 19:40:35
325,Elizabeth,Davis,danielchen@example.net,2025-04-15,True,Anguilla,2025-08-23 19:40:35,2025-10-20 19:40:35
326,Meghan,Leon,tylerbranch@example.net,2025-09-04,True,Vietnam,2025-09-23 19:40:35,2025-10-29 19:40:35
327,James,Turner,teresathornton@example.org,2025-10-05,False,Belarus,2025-09-20 19:40:35,2025-10-18 19:40:35
328,Greg,Rose,grantmelissa@example.com,2025-03-05,False,Aruba,2025-10-04 19:40:35,2025-10-11 19:40:35
329,Jon,Acosta,suttonsarah@example.net,2025-10-24,False,Bouvet Island (Bouvetoya),2025-10-01 19:40:35,2025-10-27 19:40:35
330,Bryce,Franklin,lisa90@example.org,2025-01-06,False,Montenegro,2025-09-05 19:40:35,2025-10-25 19:40:35
331,Thomas,Watkins,paul78@example.org,2024-12-20,True,Eritrea,2025-08-25 19:40:35,2025-10-16 19:40:35
332,Amy,Liu,nelsonbrian@example.org,2024-12-26,True,Rwanda,2025-09-07 19:40:35,2025-10-23 19:40:35
333,Cindy,Wood,turnertravis@example.com,2024-12-10,True,Bhutan,2025-09-11 19:40:35,2025-10-10 19:40:35
334,Brian,Brooks,patricia47@example.com,2024-12-03,True,Dominica,2025-08-25 19:40:35,2025-10-12 19:40:35
335,Daniel,Jordan,williamscarolyn@example.org,2025-02-09,False,Turkey,2025-09-26 19:40:35,2025-10-10 19:40:35
336,Karen,Gonzales,zwilson@example.com,2025-04-23,True,Mauritius,2025-09-01 19:40:35,2025-10-26 19:40:35
337,Shawn,Carr,kimpruitt@example.com,2025-06-08,True,Mexico,2025-11-03 19:40:35,2025-10-29 19:40:35
338,Jay,Juarez,hallbrandon@example.org,2025-08-19,True,Saint Lucia,2025-08-16 19:40:35,2025-11-04 19:40:35
339,Michele,Thomas,akaufman@example.net,2025-10-28,False,Greece,2025-08-15 19:40:35,2025-10-15 19:40:35
340,Wendy,Evans,hamptonshaun@example.com,2025-11-03,False,Falkland Islands (Malvinas),2025-10-01 19:40:35,2025-10-19 19:40:35
341,Brian,Clark,melissa38@example.org,2025-05-17,False,Canada,2025-10-07 19:40:35,2025-10-21 19:40:35
342,Thomas,Kerr,allenkimberly@example.com,2024-11-23,True,Czech Republic,2025-10-12 19:40:35,2025-10-21 19:40:35
343,Andrew,Greer,ryan85@example.net,2025-08-27,True,Sweden,2025-10-19 19:40:35,2025-10-18 19:40:35
344,Danielle,Johnson,bbest@example.org,2025-02-23,False,Malawi,2025-11-02 19:40:35,2025-10-24 19:40:35
345,Linda,Taylor,erikarhodes@example.org,2024-11-23,True,Colombia,2025-08-18 19:40:35,2025-10-18 19:40:35
346,Victoria,Jones,sjordan@example.net,2024-12-12,False,Cape Verde,2025-10-02 19:40:35,2025-10-27 19:40:35
347,Vanessa,Williams,danielhunt@example.com,2025-05-27,False,Myanmar,2025-10-03 19:40:35,2025-10-20 19:40:35
348,Alexander,Gibson,stacywillis@example.org,2025-05-20,True,Tokelau,2025-08-20 19:40:35,2025-10-12 19:40:35
349,Keith,Contreras,brettburke@example.com,2025-03-18,False,Belgium,2025-09-18 19:40:35,2025-10-07 19:40:35
350,Tara,Miller,brownmichael@example.org,2025-09-17,False,Saudi Arabia,2025-08-27 19:40:35,2025-10-16 19:40:35
351,David,Shields,glencarlson@example.net,2024-12-05,False,Japan,2025-09-29 19:40:35,2025-10-27 19:40:35
352,Raymond,Clark,jordankelli@example.org,2025-08-22,True,Germany,2025-08-09 19:40:35,2025-10-29 19:40:35
353,Stephanie,Lopez,ysmith@example.net,2025-11-01,True,Tunisia,2025-09-03 19:40:35,2025-10-19 19:40:35
354,Nicole,Collins,xgraves@example.com,2025-06-29,False,Cambodia,2025-08-11 19:40:35,2025-11-06 19:40:35
355,Francisco,Daniel,cthornton@example.net,2025-08-05,False,Honduras,2025-09-15 19:40:35,2025-10-17 19:40:35
356,Keith,Anderson,grios@example.org,2025-01-03,False,Mauritius,2025-08-29 19:40:35,2025-10-13 19:40:35
357,Monique,Lara,luiscoleman@example.org,2025-06-25,True,Germany,2025-08-29 19:40:35,2025-10-12 19:40:35
358,William,Perez,bonnie49@example.org,2025-07-01,False,Greenland,2025-08-12 19:40:35,2025-11-02 19:40:35
359,Emily,Lutz,gkramer@example.net,2025-11-04,True,Bahamas,2025-08-12 19:40:35,2025-11-05 19:40:35
360,Christina,Moore,barbermichael@example.net,2025-04-04,True,Malaysia,2025-10-22 19:40:35,2025-10-18 19:40:35
361,Gina,Moore,michaelthomas@example.org,2025-08-04,False,Dominican Republic,2025-08-19 19:40:35,2025-10-23 19:40:35
362,Jeanne,Carlson,xhutchinson@example.net,2025-10-18,False,Palau,2025-09-29 19:40:35,2025-11-03 19:40:35
363,Jacqueline,Curtis,zkim@example.com,2025-07-02,False,Georgia,2025-10-27 19:40:35,2025-10-31 19:40:35
364,Rebecca,Nguyen,jesse35@example.org,2025-10-17,True,French Southern Territories,2025-08-17 19:40:35,2025-10-26 19:40:35
365,Melissa,Bates,wrightcheryl@example.net,2025-04-09,True,Kyrgyz Republic,2025-08-27 19:40:35,2025-10-28 19:40:35
366,Jeffrey,Tran,jacquelinebrown@example.net,2025-01-11,False,Georgia,2025-09-09 19:40:35,2025-10-17 19:40:35
367,Michael,Cherry,thomas95@example.net,2025-09-20,True,Tuvalu,2025-10-10 19:40:35,2025-10-21 19:40:35
368,Michael,Evans,mcdonaldjohn@example.com,2024-12-15,False,Morocco,2025-08-28 19:40:35,2025-10-15 19:40:35
369,Marcus,Moore,fwhite@example.net,2025-08-17,True,Svalbard & Jan Mayen Islands,2025-08-09 19:40:35,2025-11-02 19:40:35
370,Jessica,Wang,perezsuzanne@example.org,2025-03-01,True,Svalbard & Jan Mayen Islands,2025-10-01 19:40:35,2025-10-24 19:40:35
371,Robert,Ramos,jessicabarajas@example.org,2025-04-17,False,Greece,2025-09-21 19:40:35,2025-11-06 19:40:35
372,Elizabeth,Stevenson,stephensweeney@example.net,2025-05-09,False,Mongolia,2025-10-18 19:40:35,2025-10-23 19:40:35
373,Samantha,Sosa,carolynfaulkner@example.com,2025-08-06,True,Saint Martin,2025-10-06 19:40:35,2025-10-08 19:40:35
374,Steven,Ali,jeanettelee@example.com,2025-06-28,True,Solomon Islands,2025-10-22 19:40:35,2025-10-27 19:40:35
375,Carolyn,Newman,vanessamccarthy@example.org,2025-08-26,True,Macao,2025-09-09 19:40:35,2025-10-24 19:40:35
376,Nicholas,Martinez,destiny83@example.com,2025-01-09,True,Namibia,2025-09-13 19:40:35,2025-11-06 19:40:35
377,Samantha,Johnson,tjones@example.com,2024-12-07,True,Thailand,2025-08-20 19:40:35,2025-10-30 19:40:35
378,Mario,Kemp,karen52@example.com,2025-07-07,False,Djibouti,2025-11-02 19:40:35,2025-10-09 19:40:35
379,Eric,Austin,dnguyen@example.net,2025-02-03,False,Turkmenistan,2025-10-24 19:40:35,2025-11-01 19:40:35
380,Sean,Ramirez,hhayes@example.org,2025-01-10,True,Zambia,2025-10-29 19:40:35,2025-10-29 19:40:35
381,Bryce,Stewart,tgrant@example.net,2025-07-14,False,Holy See (Vatican City State),2025-10-23 19:40:35,2025-10-27 19:40:35
382,Thomas,White,juan10@example.com,2024-11-26,True,Northern Mariana Islands,2025-08-12 19:40:35,2025-10-31 19:40:35
383,David,Ortega,browncarol@example.com,2024-11-18,True,Ethiopia,2025-08-30 19:40:35,2025-10-27 19:40:35
384,Crystal,Gardner,nkennedy@example.net,2025-01-29,True,Swaziland,2025-08-26 19:40:35,2025-10-19 19:40:35
385,Crystal,Lewis,brownphillip@example.com,2025-09-27,True,Rwanda,2025-10-29 19:40:35,2025-10-23 19:40:35
386,Benjamin,Mcdaniel,apatterson@example.com,2025-04-12,True,Morocco,2025-09-15 19:40:35,2025-11-02 19:40:35
387,Amanda,Tucker,perezchristina@example.org,2024-11-23,False,Bolivia,2025-08-23 19:40:35,2025-10-09 19:40:35
388,Jennifer,Baker,heather02@example.net,2025-08-28,False,Guinea-Bissau,2025-10-19 19:40:35,2025-10-17 19:40:35
389,Anthony,Johnson,hross@example.net,2025-01-28,False,Croatia,2025-10-06 19:40:35,2025-10-22 19:40:35
390,Melissa,Becker,wpacheco@example.com,2024-12-09,True,Panama,2025-10-27 19:40:35,2025-10-28 19:40:35
391,Cynthia,Payne,perezwendy@example.org,2025-09-13,False,Malaysia,2025-09-22 19:40:35,2025-11-05 19:40:35
392,Stephanie,Estrada,grossstephanie@example.com,2025-08-04,False,Slovakia (Slovak Republic),2025-08-20 19:40:35,2025-11-02 19:40:35
393,Dorothy,Wilson,jensenamber@example.org,2025-10-11,False,Montserrat,2025-08-26 19:40:35,2025-10-20 19:40:35
394,Michael,Simmons,gibsonrebecca@example.net,2025-04-28,True,Armenia,2025-09-14 19:40:35,2025-11-03 19:40:35
395,Kimberly,Lewis,michaelgarcia@example.com,2025-07-03,False,Poland,2025-09-30 19:40:35,2025-11-06 19:40:35
396,Casey,Lee,williammoore@example.net,2025-01-30,True,Guernsey,2025-09-12 19:40:35,2025-10-28 19:40:35
397,Joshua,Cook,brittanybarron@example.org,2025-03-11,False,Maldives,2025-08-24 19:40:35,2025-11-04 19:40:35
398,James,Williams,moodydonald@example.org,2025-11-03,True,Solomon Islands,2025-08-15 19:40:35,2025-10-27 19:40:35
399,Jennifer,Dominguez,stewartann@example.net,2025-02-07,True,Saint Vincent and the Grenadines,2025-10-18 19:40:35,2025-10-13 19:40:35
400,Kevin,Hernandez,kimberlypatton@example.com,2025-10-10,False,Anguilla,2025-08-10 19:40:35,2025-10-27 19:40:35
401,Lisa,Jones,woodkatherine@example.org,2025-05-06,False,Turkey,2025-08-20 19:40:35,2025-10-22 19:40:35
402,Daniel,Solis,trevor04@example.org,2024-11-26,False,Slovenia,2025-10-07 19:40:35,2025-10-10 19:40:35
403,Olivia,Kelly,lisa47@example.com,2025-10-17,True,Palestinian Territory,2025-10-12 19:40:35,2025-10-10 19:40:35
404,Sarah,Morgan,dgutierrez@example.com,2025-04-28,True,Guyana,2025-08-14 19:40:35,2025-11-04 19:40:35
405,Sabrina,Nguyen,williamschroeder@example.net,2025-05-30,False,Saint Pierre and Miquelon,2025-09-07 19:40:35,2025-10-19 19:40:35
406,Kelly,Olson,mary93@example.com,2025-02-06,False,Micronesia,2025-08-25 19:40:35,2025-11-03 19:40:35
407,Christina,Hodges,martinezchristopher@example.org,2025-02-15,False,Grenada,2025-09-28 19:40:35,2025-10-11 19:40:35
408,Vicki,Guerrero,ymathews@example.org,2025-05-04,False,Samoa,2025-10-20 19:40:35,2025-10-23 19:40:35
409,Michael,Anderson,jessica86@example.org,2025-08-08,True,Bouvet Island (Bouvetoya),2025-08-09 19:40:35,2025-11-04 19:40:35
410,John,Parker,ronaldware@example.org,2025-07-15,True,Cape Verde,2025-10-24 19:40:35,2025-11-05 19:40:35
411,Ryan,Joseph,sharonjordan@example.org,2025-08-02,True,Kazakhstan,2025-10-16 19:40:35,2025-10-07 19:40:35
412,Nancy,Hill,michael66@example.net,2024-12-16,True,El Salvador,2025-10-25 19:40:35,2025-10-10 19:40:35
413,Scott,Edwards,barnesrobert@example.org,2025-09-03,True,Greenland,2025-09-10 19:40:35,2025-10-19 19:40:35
414,Kayla,Giles,tammy02@example.net,2025-03-18,True,Pakistan,2025-08-15 19:40:35,2025-10-11 19:40:35
415,Barry,Mcdaniel,robinsonsylvia@example.net,2025-06-28,True,Trinidad and Tobago,2025-10-14 19:40:35,2025-10-12 19:40:35
416,Alan,Johnson,scottroberts@example.net,2025-05-31,False,American Samoa,2025-10-22 19:40:35,2025-10-18 19:40:35
417,Lindsey,Garcia,aswanson@example.com,2025-07-15,True,Yemen,2025-10-17 19:40:35,2025-10-22 19:40:35
418,Eric,Paul,lfitzpatrick@example.org,2025-02-27,True,Dominican Republic,2025-09-04 19:40:35,2025-10-22 19:40:35
419,Justin,Macias,kristincox@example.com,2025-05-22,False,Kenya,2025-09-25 19:40:35,2025-10-08 19:40:35
420,Terri,Sawyer,jasonwheeler@example.net,2024-11-28,False,Malta,2025-09-12 19:40:35,2025-10-25 19:40:35
421,Taylor,Bell,gregory25@example.com,2025-10-09,True,Mayotte,2025-08-27 19:40:35,2025-10-07 19:40:35
422,David,Newman,williamssusan@example.org,2025-03-22,False,Palau,2025-09-07 19:40:35,2025-10-12 19:40:35
423,Daniel,Jenkins,erin52@example.net,2025-05-03,True,Slovenia,2025-11-04 19:40:35,2025-10-20 19:40:35
424,Christopher,Lee,jillian56@example.org,2025-02-28,False,Cote d'Ivoire,2025-08-13 19:40:35,2025-11-02 19:40:35
425,Brandon,Garcia,gatesjohn@example.net,2024-11-27,False,Bulgaria,2025-10-22 19:40:35,2025-10-16 19:40:35
426,Jacqueline,Kelley,trujillodavid@example.net,2025-04-30,True,Antarctica (the territory South of 60 deg S),2025-09-02 19:40:35,2025-11-03 19:40:35
427,George,Rodriguez,matthew64@example.com,2025-02-24,False,Czech Republic,2025-10-27 19:40:35,2025-10-24 19:40:35
428,Felicia,Powers,daniellambert@example.net,2025-03-02,False,Puerto Rico,2025-10-22 19:40:35,2025-10-30 19:40:35
429,Christopher,Vargas,christine59@example.net,2025-01-27,True,Nepal,2025-09-22 19:40:35,2025-10-17 19:40:35
430,Anna,Harrison,mariawiley@example.org,2024-12-18,False,Nepal,2025-09-19 19:40:35,2025-10-27 19:40:35
431,Lisa,Barber,rosetroy@example.net,2025-04-15,True,Egypt,2025-09-24 19:40:35,2025-10-12 19:40:35
432,Justin,Johnson,amygriffith@example.org,2025-08-26,False,Malaysia,2025-09-25 19:40:35,2025-11-06 19:40:35
433,Seth,Williams,collinsmichael@example.net,2025-07-09,False,Sweden,2025-08-10 19:40:35,2025-11-04 19:40:35
434,Jesse,Smith,smithrobert@example.net,2025-02-11,True,Tokelau,2025-10-30 19:40:35,2025-10-23 19:40:35
435,Rachel,Hester,vgiles@example.net,2025-10-17,False,Montenegro,2025-10-22 19:40:35,2025-10-25 19:40:35
436,Tim,Smith,whitechristine@example.com,2025-01-17,False,Armenia,2025-08-12 19:40:35,2025-10-08 19:40:35
437,Donna,Lowe,tbeard@example.com,2025-07-07,True,Tokelau,2025-10-20 19:40:35,2025-10-16 19:40:35
438,Dawn,Morgan,whitealicia@example.com,2025-04-28,False,Korea,2025-09-23 19:40:35,2025-10-28 19:40:35
439,Christopher,Johnson,donald01@example.com,2025-06-20,False,Canada,2025-10-15 19:40:35,2025-10-19 19:40:35
440,Allen,Curtis,omathis@example.net,2025-05-10,True,Japan,2025-10-15 19:40:35,2025-10-11 19:40:35
441,Kathryn,Cooke,brian93@example.org,2025-05-16,True,Eritrea,2025-08-21 19:40:35,2025-10-22 19:40:35
442,Robert,Castro,zcooper@example.net,2025-05-24,True,Martinique,2025-09-18 19:40:35,2025-10-30 19:40:35
443,Taylor,Lyons,fadkins@example.com,2025-10-08,True,Guernsey,2025-10-20 19:40:35,2025-10-17 19:40:35
444,Carl,Serrano,gregoryspencer@example.com,2024-11-13,False,Lesotho,2025-08-11 19:40:35,2025-10-31 19:40:35
445,Wendy,Miller,morrisonthomas@example.com,2024-12-13,False,Nicaragua,2025-08-23 19:40:35,2025-10-19 19:40:35
446,Nicole,Santana,johnsonmadeline@example.net,2025-04-02,True,Afghanistan,2025-10-01 19:40:35,2025-10-24 19:40:35
447,Charles,Manning,annakim@example.com,2025-02-14,False,Congo,2025-09-05 19:40:35,2025-10-30 19:40:35
448,Benjamin,Phillips,lewisemily@example.com,2024-12-20,False,Armenia,2025-09-22 19:40:35,2025-10-20 19:40:35
449,Nicole,Turner,mmcclain@example.org,2025-05-12,False,Cayman Islands,2025-08-09 19:40:35,2025-10-26 19:40:35
450,Rebecca,Escobar,mary96@example.com,2025-06-11,False,Guam,2025-09-03 19:40:35,2025-11-05 19:40:35
451,Nicholas,Chase,kelly06@example.org,2025-09-30,False,Palau,2025-08-11 19:40:35,2025-10-22 19:40:35
452,Terri,Smith,david66@example.com,2025-10-30,False,Western Sahara,2025-11-01 19:40:35,2025-11-01 19:40:35
453,Sean,Leon,jrichardson@example.org,2025-03-27,False,Thailand,2025-10-16 19:40:35,2025-10-28 19:40:35
454,Crystal,Horne,brownmarie@example.com,2025-02-03,False,Korea,2025-09-29 19:40:35,2025-10-22 19:40:35
455,Hannah,Acosta,qsutton@example.com,2025-01-27,False,Turkey,2025-10-28 19:40:35,2025-10-29 19:40:35
456,Jill,Montoya,daniellejordan@example.net,2025-09-24,True,Georgia,2025-10-29 19:40:35,2025-10-23 19:40:35
457,Amber,Kelley,zamoralisa@example.net,2025-10-10,False,Guyana,2025-11-05 19:40:35,2025-11-04 19:40:35
458,Ray,Allen,jason71@example.org,2025-08-28,True,Ghana,2025-08-19 19:40:35,2025-10-12 19:40:35
459,Tara,King,lphillips@example.com,2025-01-31,True,China,2025-09-05 19:40:35,2025-10-09 19:40:35
460,Kathy,Shaffer,benjamin64@example.net,2025-02-15,False,Albania,2025-09-05 19:40:35,2025-10-12 19:40:35
461,Adam,Lawson,nealmorgan@example.org,2025-03-22,True,Malaysia,2025-10-10 19:40:35,2025-11-06 19:40:35
462,Brittany,Hughes,mccartybryan@example.org,2025-06-13,False,Cote d'Ivoire,2025-10-18 19:40:35,2025-10-25 19:40:35
463,Pedro,Potter,fkim@example.com,2025-05-16,True,Niger,2025-08-08 19:40:35,2025-10-08 19:40:35
464,Brian,Aguirre,ian62@example.com,2025-04-03,True,Mongolia,2025-08-19 19:40:35,2025-10-15 19:40:35
465,Paul,Hall,wayers@example.org,2025-04-11,True,Turkmenistan,2025-09-12 19:40:35,2025-11-06 19:40:35
466,Nicholas,Barker,jonesrebecca@example.net,2025-05-03,False,Senegal,2025-09-18 19:40:35,2025-10-14 19:40:35
467,Amber,White,lewisandrew@example.com,2025-04-18,False,Afghanistan,2025-08-17 19:40:35,2025-11-04 19:40:35
468,John,Rosales,dawnolson@example.org,2025-07-22,True,Jersey,2025-08-28 19:40:35,2025-10-31 19:40:35
469,Mitchell,Anderson,zcain@example.org,2025-01-30,False,Burundi,2025-10-21 19:40:35,2025-10-23 19:40:35
470,Lisa,Morrison,michelleosborne@example.org,2025-04-13,False,Ghana,2025-10-06 19:40:35,2025-10-09 19:40:35
471,Kelly,Blair,timothybyrd@example.net,2025-02-13,False,France,2025-09-17 19:40:35,2025-10-18 19:40:35
472,Ronald,Garcia,srosales@example.org,2024-11-16,False,Azerbaijan,2025-09-10 19:40:35,2025-10-19 19:40:35
473,Robert,Wagner,gravessteve@example.net,2025-05-09,False,Cocos (Keeling) Islands,2025-08-29 19:40:35,2025-10-15 19:40:35
474,John,Pratt,mendozadaniel@example.com,2025-04-08,False,American Samoa,2025-09-20 19:40:35,2025-10-15 19:40:35
475,Andrew,Miller,levyzachary@example.com,2025-08-31,False,United Arab Emirates,2025-10-17 19:40:35,2025-10-12 19:40:35
476,Andrew,Parks,mckaymarilyn@example.net,2024-12-26,True,Malawi,2025-10-31 19:40:35,2025-10-09 19:40:35
477,William,Gillespie,kowen@example.com,2025-06-25,False,Cameroon,2025-10-15 19:40:35,2025-11-05 19:40:35
478,Hunter,Glover,ewilliamson@example.org,2025-08-02,False,Trinidad and Tobago,2025-08-29 19:40:35,2025-10-29 19:40:35
479,Chelsea,Boyd,bondjessica@example.com,2025-01-19,False,Tokelau,2025-10-07 19:40:35,2025-10-19 19:40:35
480,Mallory,Hampton,cgordon@example.org,2025-08-03,False,Barbados,2025-11-03 19:40:35,2025-10-12 19:40:35
481,Ian,Coleman,jasminetaylor@example.com,2025-02-09,False,Portugal,2025-10-14 19:40:35,2025-11-06 19:40:35
482,Cheryl,Stevens,lopezjackie@example.org,2025-07-30,False,Solomon Islands,2025-09-06 19:40:35,2025-10-25 19:40:35
483,Catherine,Bailey,ibrown@example.org,2025-04-28,False,Guinea,2025-09-28 19:40:35,2025-10-16 19:40:35
484,Kim,Woods,stephanie77@example.com,2025-05-02,False,Cocos (Keeling) Islands,2025-09-18 19:40:35,2025-10-12 19:40:35
485,Stephanie,Williams,jermaine47@example.com,2025-02-06,True,Isle of Man,2025-11-03 19:40:35,2025-10-30 19:40:35
486,Phillip,Bishop,halldanielle@example.org,2025-06-09,False,Chad,2025-08-24 19:40:35,2025-10-11 19:40:35
487,Jasmine,Miller,davidsonjames@example.net,2025-02-14,False,Nicaragua,2025-09-06 19:40:35,2025-10-14 19:40:35
488,Jose,Young,robertosborne@example.net,2025-10-13,False,Finland,2025-10-23 19:40:35,2025-11-04 19:40:35
489,Jesse,Scott,wrighttrevor@example.net,2024-11-30,False,Uruguay,2025-10-20 19:40:35,2025-10-27 19:40:35
490,Catherine,Johnson,rose90@example.com,2025-09-12,False,Martinique,2025-09-08 19:40:35,2025-10-28 19:40:35
491,Sheila,Duncan,brookegalvan@example.net,2025-08-14,False,Egypt,2025-10-23 19:40:35,2025-10-26 19:40:35
492,Steven,Lewis,stephensjoy@example.net,2025-08-01,False,Yemen,2025-08-12 19:40:35,2025-10-09 19:40:35
493,Christopher,Franklin,riosphilip@example.org,2025-10-01,True,United States Virgin Islands,2025-10-19 19:40:35,2025-10-26 19:40:35
494,Caroline,Alexander,christopher39@example.com,2025-03-13,False,Jersey,2025-11-01 19:40:35,2025-10-26 19:40:35
495,Michelle,Gibbs,cburnett@example.com,2025-08-11,False,Saint Pierre and Miquelon,2025-09-03 19:40:35,2025-11-04 19:40:35
496,Richard,Davis,andreaadkins@example.net,2025-04-29,False,Cameroon,2025-09-01 19:40:35,2025-10-23 19:40:35
497,Donald,Harvey,keithanderson@example.org,2025-07-31,True,Austria,2025-08-20 19:40:35,2025-10-20 19:40:35
498,Brandon,Wright,yrogers@example.net,2025-08-16,False,Turks and Caicos Islands,2025-08-10 19:40:35,2025-10-09 19:40:35
499,Amy,Lozano,hernandezrandall@example.net,2025-01-05,True,Dominica,2025-10-31 19:40:35,2025-10-30 19:40:35
500,Jonathan,Mccarty,jillian07@example.org,2025-04-19,False,Gambia,2025-10-22 19:40:35,2025-10-17 19:40:35
