product_id,name,category,price,reseller_id,created_at,updated_at
1,Object-based user-facing hardware,Home,183.96,20,2025-10-01 19:40:36,2025-11-03 19:40:36
2,Function-based eco-centric core,Books,364.28,41,2025-08-10 19:40:36,2025-10-10 19:40:36
3,Phased grid-enabled project,Clothing,185.55,48,2025-10-08 19:40:36,2025-10-15 19:40:36
4,Organized asynchronous hub,Sports,27.04,16,2025-10-07 19:40:36,2025-10-21 19:40:36
5,Polarized neutral methodology,Electronics,424.66,46,2025-09-02 19:40:36,2025-10-27 19:40:36
6,Seamless coherent secured line,Clothing,451.81,32,2025-08-16 19:40:36,2025-10-08 19:40:36
7,Customizable systemic ability,Home,274.15,30,2025-09-03 19:40:36,2025-10-12 19:40:36
8,Compatible hybrid success,Clothing,383.27,44,2025-11-01 19:40:36,2025-10-08 19:40:36
9,Integrated clear-thinking complexity,Clothing,475.53,22,2025-11-06 19:40:36,2025-10-15 19:40:36
10,Upgradable scalable analyzer,Sports,446.22,36,2025-08-10 19:40:36,2025-10-22 19:40:36
11,Seamless systemic analyzer,Sports,168.79,10,2025-08-12 19:40:36,2025-10-30 19:40:36
12,Function-based needs-based open architecture,Sports,380.9,44,2025-10-16 19:40:36,2025-10-27 19:40:36
13,Synchronized non-volatile synergy,Books,435.26,42,2025-11-05 19:40:36,2025-10-24 19:40:36
14,Organic object-oriented hierarchy,Sports,228.77,30,2025-10-25 19:40:36,2025-11-06 19:40:36
15,Horizontal fresh-thinking extranet,Sports,174.52,37,2025-09-17 19:40:36,2025-10-23 19:40:36
16,Virtual encompassing implementation,Sports,330.74,21,2025-11-03 19:40:36,2025-11-04 19:40:36
17,Right-sized user-facing forecast,Books,74.67,37,2025-08-21 19:40:36,2025-10-09 19:40:36
18,Devolved clear-thinking time-frame,Sports,292.41,6,2025-08-13 19:40:36,2025-10-20 19:40:36
19,Grass-roots dedicated challenge,Clothing,103.33,47,2025-09-19 19:40:36,2025-11-02 19:40:36
20,Re-engineered solution-oriented frame,Home,8.17,49,2025-08-13 19:40:36,2025-10-28 19:40:36
21,Grass-roots cohesive capability,Clothing,162.77,2,2025-10-06 19:40:36,2025-10-11 19:40:36
22,Upgradable explicit analyzer,Home,39.5,30,2025-09-06 19:40:36,2025-10-24 19:40:36
23,Optional systemic adapter,Books,434.1,22,2025-09-30 19:40:36,2025-11-02 19:40:36
24,Multi-layered web-enabled encryption,Clothing,498.26,7,2025-08-12 19:40:36,2025-11-01 19:40:36
25,Networked client-server functionalities,Electronics,187.66,34,2025-10-02 19:40:36,2025-10-30 19:40:36
26,Ameliorated reciprocal Graphical User Interface,Books,317.12,50,2025-09-22 19:40:36,2025-10-30 19:40:36
27,Multi-tiered real-time functionalities,Sports,288.82,17,2025-08-11 19:40:36,2025-11-01 19:40:36
28,Expanded 4thgeneration info-mediaries,Sports,167.4,47,2025-08-23 19:40:36,2025-10-21 19:40:36
29,Grass-roots context-sensitive conglomeration,Electronics,28.03,1,2025-09-24 19:40:36,2025-10-29 19:40:36
30,Face-to-face cohesive database,Home,420.84,18,2025-10-05 19:40:36,2025-10-24 19:40:36
31,Multi-layered mobile policy,Sports,420.49,15,2025-11-02 19:40:36,2025-10-07 19:40:36
32,Cloned heuristic flexibility,Home,94.79,38,2025-10-14 19:40:36,2025-10-18 19:40:36
33,Horizontal impactful standardization,Clothing,455.09,28,2025-10-28 19:40:36,2025-11-05 19:40:36
34,Proactive directional capability,Sports,187.82,48,2025-10-31 19:40:36,2025-10-13 19:40:36
35,Horizontal transitional framework,Home,457.82,13,2025-08-13 19:40:36,2025-10-15 19:40:36
36,Phased coherent software,Books,441.48,1,2025-10-22 19:40:36,2025-10-11 19:40:36
37,Programmable analyzing neural-net,Home,362.82,31,2025-10-05 19:40:36,2025-10-08 19:40:36
38,Vision-oriented scalable budgetary management,Books,292.92,46,2025-09-15 19:40:36,2025-10-12 19:40:36
39,Centralized background array,Books,41.46,49,2025-09-24 19:40:36,2025-10-20 19:40:36
40,Synergistic mission-critical focus group,Sports,9.61,26,2025-08-10 19:40:36,2025-10-09 19:40:36
41,Open-architected grid-enabled moderator,Clothing,32.96,26,2025-09-21 19:40:36,2025-10-18 19:40:36
42,Synergistic foreground leverage,Electronics,456.71,20,2025-09-05 19:40:36,2025-10-24 19:40:36
43,Organized fresh-thinking pricing structure,Sports,387.42,32,2025-09-29 19:40:36,2025-11-05 19:40:36
44,Seamless attitude-oriented service-desk,Electronics,274.06,12,2025-09-29 19:40:36,2025-10-22 19:40:36
45,Proactive intermediate time-frame,Sports,389.72,26,2025-08-24 19:40:36,2025-10-12 19:40:36
46,Phased multi-state project,Books,304.89,30,2025-08-11 19:40:36,2025-10-15 19:40:36
47,Synergistic grid-enabled moratorium,Clothing,171.18,13,2025-10-10 19:40:36,2025-10-07 19:40:36
48,Down-sized attitude-oriented challenge,Clothing,35.39,5,2025-09-19 19:40:36,2025-10-08 19:40:36
49,Robust didactic policy,Home,423.24,22,2025-10-07 19:40:36,2025-10-10 19:40:36
50,Automated zero tolerance secured line,Electronics,441.82,5,2025-09-30 19:40:36,2025-11-03 19:40:36
51,Phased mobile core,Electronics,240.84,5,2025-09-21 19:40:36,2025-10-17 19:40:36
52,Cross-platform national migration,Home,120.57,21,2025-10-10 19:40:36,2025-10-17 19:40:36
53,Sharable static framework,Clothing,286.46,22,2025-10-20 19:40:36,2025-11-05 19:40:36
54,Re-contextualized tertiary challenge,Electronics,17.28,47,2025-08-31 19:40:36,2025-10-27 19:40:36
55,Reactive bandwidth-monitored orchestration,Home,390.75,22,2025-08-13 19:40:36,2025-10-15 19:40:36
56,Decentralized context-sensitive instruction set,Books,20.91,7,2025-08-12 19:40:36,2025-10-10 19:40:36
57,Secured cohesive algorithm,Home,264.72,42,2025-10-24 19:40:36,2025-10-29 19:40:36
58,Advanced attitude-oriented orchestration,Books,141.97,7,2025-08-17 19:40:36,2025-10-23 19:40:36
59,Right-sized actuating project,Clothing,59.35,38,2025-09-28 19:40:36,2025-11-03 19:40:36
60,Exclusive fresh-thinking synergy,Home,53.96,5,2025-08-21 19:40:36,2025-10-10 19:40:36
61,Versatile local hardware,Electronics,79.34,42,2025-08-28 19:40:36,2025-10-30 19:40:36
62,Managed eco-centric moratorium,Books,353.81,48,2025-11-06 19:40:36,2025-10-25 19:40:36
63,Progressive asynchronous Internet solution,Home,423.34,15,2025-09-02 19:40:36,2025-10-07 19:40:36
64,Profit-focused disintermediate middleware,Electronics,158.55,26,2025-09-18 19:40:36,2025-10-26 19:40:36
65,Grass-roots composite standardization,Electronics,284.18,35,2025-09-14 19:40:36,2025-10-18 19:40:36
66,Advanced bi-directional strategy,Sports,271.55,32,2025-11-04 19:40:36,2025-11-01 19:40:36
67,Adaptive local strategy,Home,268.6,26,2025-09-16 19:40:36,2025-11-01 19:40:36
68,Exclusive needs-based concept,Books,42.27,27,2025-10-13 19:40:36,2025-10-11 19:40:36
69,Progressive disintermediate hierarchy,Home,420.74,7,2025-10-15 19:40:36,2025-10-12 19:40:36
70,Progressive multimedia info-mediaries,Electronics,223.98,14,2025-08-09 19:40:36,2025-10-10 19:40:36
71,Operative disintermediate concept,Clothing,325.25,8,2025-10-11 19:40:36,2025-10-15 19:40:36
72,Virtual exuding conglomeration,Sports,491.63,23,2025-08-28 19:40:36,2025-10-17 19:40:36
73,Expanded 24/7 archive,Books,69.63,12,2025-08-24 19:40:36,2025-10-12 19:40:36
74,Streamlined static product,Books,100.39,18,2025-09-07 19:40:36,2025-10-15 19:40:36
75,Inverse fresh-thinking emulation,Clothing,142.26,25,2025-11-01 19:40:36,2025-10-17 19:40:36
76,Streamlined holistic info-mediaries,Clothing,439.86,14,2025-10-15 19:40:36,2025-10-25 19:40:36
77,Sharable modular strategy,Home,17.7,24,2025-08-27 19:40:36,2025-11-04 19:40:36
78,Robust zero administration groupware,Sports,341.65,2,2025-10-26 19:40:36,2025-10-15 19:40:36
79,Enterprise-wide asymmetric product,Books,198.01,48,2025-08-11 19:40:36,2025-11-02 19:40:36
80,Visionary composite flexibility,Books,41.17,13,2025-08-11 19:40:36,2025-11-02 19:40:36
81,Re-contextualized demand-driven focus group,Clothing,102.37,29,2025-08-16 19:40:36,2025-10-17 19:40:36
82,Customer-focused impactful extranet,Electronics,16.23,1,2025-10-21 19:40:36,2025-10-22 19:40:36
83,Team-oriented hybrid matrices,Books,268.34,12,2025-11-02 19:40:36,2025-10-23 19:40:36
84,Secured demand-driven groupware,Sports,269.41,37,2025-10-30 19:40:36,2025-10-21 19:40:36
85,Phased user-facing website,Clothing,356.68,37,2025-10-26 19:40:36,2025-10-15 19:40:36
86,Object-based optimizing attitude,Home,402.77,46,2025-09-13 19:40:36,2025-10-21 19:40:36
87,Realigned non-volatile matrices,Clothing,362.0,38,2025-10-14 19:40:36,2025-10-27 19:40:36
88,Right-sized coherent hardware,Sports,429.22,8,2025-08-08 19:40:36,2025-11-04 19:40:36
89,Proactive incremental conglomeration,Home,355.47,8,2025-10-10 19:40:36,2025-10-31 19:40:36
90,Organic user-facing concept,Electronics,472.82,16,2025-08-08 19:40:36,2025-11-06 19:40:36
91,Innovative asynchronous moderator,Clothing,11.72,45,2025-10-21 19:40:36,2025-10-31 19:40:36
92,Advanced human-resource instruction set,Clothing,472.33,15,2025-08-31 19:40:36,2025-10-26 19:40:36
93,Organic web-enabled strategy,Electronics,102.49,8,2025-08-30 19:40:36,2025-10-21 19:40:36
94,Devolved discrete benchmark,Clothing,87.28,9,2025-09-19 19:40:36,2025-10-26 19:40:36
95,User-friendly 3rdgeneration access,Clothing,449.92,12,2025-10-11 19:40:36,2025-10-17 19:40:36
96,Cross-platform disintermediate synergy,Clothing,463.36,17,2025-10-13 19:40:36,2025-10-15 19:40:36
97,Function-based attitude-oriented archive,Sports,397.16,13,2025-09-19 19:40:36,2025-11-04 19:40:36
98,Customer-focused encompassing toolset,Clothing,327.68,14,2025-10-06 19:40:36,2025-10-18 19:40:36
99,Advanced holistic matrices,Clothing,53.85,49,2025-09-04 19:40:36,2025-10-18 19:40:36
100,Fundamental fault-tolerant process improvement,Books,260.93,11,2025-10-01 19:40:36,2025-10-17 19:40:36
101,Extended transitional software,Home,266.05,1,2025-11-03 19:40:36,2025-10-12 19:40:36
102,Multi-tiered upward-trending archive,Home,229.13,45,2025-08-21 19:40:36,2025-10-13 19:40:36
103,Reactive stable contingency,Home,367.75,35,2025-10-22 19:40:36,2025-10-17 19:40:36
104,Implemented logistical support,Home,56.22,40,2025-08-22 19:40:36,2025-10-09 19:40:36
105,Automated analyzing process improvement,Home,468.11,43,2025-09-09 19:40:36,2025-11-05 19:40:36
106,Organized human-resource synergy,Clothing,104.56,49,2025-08-17 19:40:36,2025-11-01 19:40:36
107,Advanced zero tolerance forecast,Home,491.14,49,2025-08-19 19:40:36,2025-10-13 19:40:36
108,Inverse 24/7 complexity,Clothing,327.87,36,2025-10-22 19:40:36,2025-10-13 19:40:36
109,Digitized foreground Graphical User Interface,Clothing,277.36,42,2025-08-14 19:40:36,2025-10-27 19:40:36
110,Team-oriented fresh-thinking definition,Books,312.39,33,2025-10-06 19:40:36,2025-10-30 19:40:36
111,Customer-focused 24/7 time-frame,Clothing,244.73,21,2025-09-18 19:40:36,2025-10-09 19:40:36
112,User-centric reciprocal service-desk,Clothing,106.66,28,2025-08-26 19:40:36,2025-10-15 19:40:36
113,Grass-roots fresh-thinking alliance,Sports,431.21,40,2025-11-04 19:40:36,2025-10-12 19:40:36
114,Reactive disintermediate ability,Sports,299.84,43,2025-08-27 19:40:36,2025-10-13 19:40:36
115,Quality-focused national database,Home,305.55,9,2025-11-02 19:40:36,2025-10-28 19:40:36
116,Ameliorated content-based infrastructure,Clothing,25.1,36,2025-08-31 19:40:36,2025-11-04 19:40:36
117,Function-based cohesive archive,Electronics,470.33,47,2025-09-29 19:40:36,2025-10-10 19:40:36
118,Profound tangible website,Books,292.26,19,2025-09-17 19:40:36,2025-11-06 19:40:36
119,Streamlined real-time projection,Clothing,68.48,29,2025-10-22 19:40:36,2025-10-07 19:40:36
120,Decentralized even-keeled installation,Sports,146.99,47,2025-08-14 19:40:36,2025-10-18 19:40:36
121,Reduced clear-thinking access,Clothing,81.45,34,2025-09-24 19:40:36,2025-10-18 19:40:36
122,Profound asymmetric moderator,Sports,460.84,42,2025-11-05 19:40:36,2025-10-26 19:40:36
123,Secured solution-oriented installation,Clothing,340.75,50,2025-10-10 19:40:36,2025-10-24 19:40:36
124,Total high-level synergy,Electronics,479.58,41,2025-08-08 19:40:36,2025-11-04 19:40:36
125,Proactive homogeneous hardware,Clothing,342.41,29,2025-10-01 19:40:36,2025-10-29 19:40:36
126,Advanced secondary encryption,Electronics,349.85,10,2025-09-27 19:40:36,2025-10-20 19:40:36
127,Realigned holistic capacity,Books,94.19,21,2025-09-12 19:40:36,2025-10-16 19:40:36
128,Secured multi-state flexibility,Home,381.58,12,2025-09-27 19:40:36,2025-10-16 19:40:36
129,Re-contextualized disintermediate conglomeration,Clothing,415.47,1,2025-10-18 19:40:36,2025-11-05 19:40:36
130,User-centric intermediate intranet,Electronics,345.51,13,2025-10-02 19:40:36,2025-11-04 19:40:36
131,Automated incremental utilization,Sports,56.61,42,2025-10-28 19:40:36,2025-10-13 19:40:36
132,Enhanced upward-trending access,Clothing,473.37,20,2025-10-25 19:40:36,2025-10-29 19:40:36
133,Synchronized 24/7 alliance,Clothing,47.14,25,2025-10-08 19:40:36,2025-10-20 19:40:36
134,Virtual system-worthy productivity,Sports,222.01,2,2025-09-17 19:40:36,2025-10-19 19:40:36
135,Extended client-server function,Sports,55.51,5,2025-08-10 19:40:36,2025-11-06 19:40:36
136,Reverse-engineered 5thgeneration strategy,Books,351.21,31,2025-08-23 19:40:36,2025-10-31 19:40:36
137,Fully-configurable methodical structure,Clothing,194.53,5,2025-11-03 19:40:36,2025-10-24 19:40:36
138,Programmable didactic definition,Clothing,220.82,44,2025-08-22 19:40:36,2025-10-28 19:40:36
139,Function-based dynamic algorithm,Home,317.81,22,2025-10-28 19:40:36,2025-11-06 19:40:36
140,Reactive mobile pricing structure,Sports,26.01,6,2025-08-30 19:40:36,2025-10-07 19:40:36
141,Digitized bandwidth-monitored support,Books,379.03,33,2025-08-14 19:40:36,2025-10-13 19:40:36
142,Programmable real-time encryption,Electronics,419.38,11,2025-09-13 19:40:36,2025-10-30 19:40:36
143,Horizontal optimizing synergy,Books,231.53,17,2025-09-03 19:40:36,2025-10-10 19:40:36
144,Re-engineered uniform functionalities,Home,363.12,8,2025-08-19 19:40:36,2025-11-05 19:40:36
145,Total system-worthy flexibility,Books,377.8,49,2025-09-06 19:40:36,2025-10-24 19:40:36
146,Fundamental static Local Area Network,Home,88.7,13,2025-10-29 19:40:36,2025-11-04 19:40:36
147,Multi-channeled stable middleware,Sports,258.83,49,2025-08-12 19:40:36,2025-10-25 19:40:36
148,Phased logistical superstructure,Electronics,122.78,41,2025-10-01 19:40:36,2025-11-01 19:40:36
149,Networked multi-state toolset,Books,345.75,29,2025-10-10 19:40:36,2025-11-06 19:40:36
150,De-engineered intangible portal,Clothing,101.94,30,2025-10-09 19:40:36,2025-10-11 19:40:36
151,Secured multimedia encryption,Clothing,498.91,7,2025-10-01 19:40:36,2025-10-21 19:40:36
152,Implemented composite data-warehouse,Clothing,22.46,13,2025-11-06 19:40:36,2025-10-15 19:40:36
153,Innovative stable support,Clothing,176.52,23,2025-10-15 19:40:36,2025-10-27 19:40:36
154,Proactive intangible info-mediaries,Electronics,130.19,28,2025-10-24 19:40:36,2025-10-13 19:40:36
155,Exclusive regional hub,Books,40.63,48,2025-08-14 19:40:36,2025-10-26 19:40:36
156,Digitized scalable moderator,Books,133.59,22,2025-09-26 19:40:36,2025-10-17 19:40:36
157,Optional even-keeled firmware,Electronics,235.52,7,2025-09-09 19:40:36,2025-10-30 19:40:36
158,Diverse maximized interface,Sports,430.49,11,2025-08-18 19:40:36,2025-10-10 19:40:36
159,Down-sized 3rdgeneration emulation,Electronics,314.51,36,2025-09-30 19:40:36,2025-10-12 19:40:36
160,Monitored demand-driven strategy,Electronics,26.8,42,2025-10-19 19:40:36,2025-11-01 19:40:36
161,Universal even-keeled framework,Sports,466.32,38,2025-09-20 19:40:36,2025-11-03 19:40:36
162,Re-engineered client-driven system engine,Clothing,106.69,5,2025-08-21 19:40:36,2025-11-06 19:40:36
163,Organic system-worthy utilization,Sports,481.21,29,2025-09-03 19:40:36,2025-10-27 19:40:36
164,Progressive methodical intranet,Sports,154.44,17,2025-09-28 19:40:36,2025-10-12 19:40:36
165,Networked 6thgeneration standardization,Home,316.17,41,2025-09-04 19:40:36,2025-10-24 19:40:36
166,Multi-lateral heuristic challenge,Sports,431.55,20,2025-08-23 19:40:36,2025-10-09 19:40:36
167,Managed discrete artificial intelligence,Sports,294.91,12,2025-09-04 19:40:36,2025-10-13 19:40:36
168,Upgradable leadingedge policy,Books,150.67,40,2025-09-03 19:40:36,2025-10-12 19:40:36
169,Synergistic exuding policy,Home,135.78,16,2025-10-01 19:40:36,2025-11-01 19:40:36
170,Stand-alone holistic Local Area Network,Sports,289.37,50,2025-08-17 19:40:36,2025-10-10 19:40:36
171,Multi-layered local success,Books,343.1,33,2025-09-02 19:40:36,2025-10-10 19:40:36
172,Optimized cohesive software,Electronics,170.6,44,2025-09-23 19:40:36,2025-11-03 19:40:36
173,Grass-roots homogeneous flexibility,Books,288.32,22,2025-09-01 19:40:36,2025-10-29 19:40:36
174,Vision-oriented transitional forecast,Clothing,51.26,5,2025-10-09 19:40:36,2025-10-18 19:40:36
175,Polarized directional database,Books,300.11,10,2025-09-19 19:40:36,2025-10-28 19:40:36
176,Right-sized human-resource capacity,Home,284.26,24,2025-10-24 19:40:36,2025-10-20 19:40:36
177,Stand-alone foreground knowledgebase,Sports,216.22,23,2025-11-01 19:40:36,2025-10-18 19:40:36
178,Visionary intangible Internet solution,Sports,127.89,14,2025-09-07 19:40:36,2025-10-27 19:40:36
179,Persevering mission-critical service-desk,Home,467.72,44,2025-10-21 19:40:36,2025-10-31 19:40:36
180,Fully-configurable content-based flexibility,Home,111.99,43,2025-08-08 19:40:36,2025-11-01 19:40:36
181,Total exuding hierarchy,Sports,484.31,22,2025-09-25 19:40:36,2025-10-23 19:40:36
182,Inverse value-added toolset,Electronics,401.16,43,2025-09-03 19:40:36,2025-10-28 19:40:36
183,Synchronized reciprocal core,Electronics,465.32,9,2025-10-11 19:40:36,2025-11-06 19:40:36
184,Down-sized multi-tasking encryption,Electronics,231.92,14,2025-09-20 19:40:36,2025-10-07 19:40:36
185,Managed zero tolerance analyzer,Electronics,43.46,41,2025-09-01 19:40:36,2025-10-18 19:40:36
186,Grass-roots object-oriented circuit,Sports,180.94,28,2025-10-16 19:40:36,2025-10-16 19:40:36
187,User-friendly systematic hub,Books,376.34,22,2025-10-31 19:40:36,2025-11-04 19:40:36
188,Vision-oriented dedicated customer loyalty,Clothing,201.32,11,2025-10-28 19:40:36,2025-10-23 19:40:36
189,Cloned directional encryption,Home,216.43,24,2025-09-26 19:40:36,2025-10-10 19:40:36
190,Sharable radical methodology,Home,196.54,10,2025-08-11 19:40:36,2025-10-14 19:40:36
191,Integrated systemic Graphical User Interface,Home,278.45,33,2025-09-01 19:40:36,2025-10-20 19:40:36
192,Switchable methodical installation,Sports,43.3,41,2025-11-01 19:40:36,2025-10-29 19:40:36
193,Assimilated full-range attitude,Clothing,189.54,25,2025-10-03 19:40:36,2025-10-19 19:40:36
194,Enhanced high-level core,Clothing,277.99,40,2025-08-22 19:40:36,2025-10-28 19:40:36
195,Synergistic uniform infrastructure,Electronics,461.7,27,2025-09-17 19:40:36,2025-11-03 19:40:36
196,Streamlined well-modulated groupware,Books,116.43,39,2025-08-08 19:40:36,2025-10-15 19:40:36
197,Networked 4thgeneration open system,Sports,7.47,5,2025-09-22 19:40:36,2025-10-22 19:40:36
198,Adaptive scalable encryption,Home,107.88,20,2025-10-11 19:40:36,2025-10-10 19:40:36
199,Object-based mobile knowledgebase,Home,185.43,26,2025-08-12 19:40:36,2025-10-20 19:40:36
200,Multi-layered real-time extranet,Home,15.05,49,2025-10-02 19:40:36,2025-11-03 19:40:36
